company_bisnode_id_1243344,company_ocdata_id_746248,TRUE
company_bisnode_id_917427,company_ocdata_id_3497346,TRUE
company_bisnode_id_959703,company_ocdata_id_4269280,TRUE
company_bisnode_id_99684,company_ocdata_id_1506119,TRUE
company_bisnode_id_965852,company_ocdata_id_247057,TRUE
company_bisnode_id_939052,company_ocdata_id_2312603,TRUE
company_bisnode_id_36167,company_ocdata_id_1960947,TRUE
company_bisnode_id_1335921,company_ocdata_id_2047915,TRUE
company_bisnode_id_174048,company_ocdata_id_2894884,TRUE
company_bisnode_id_1251266,company_ocdata_id_470713,TRUE
company_bisnode_id_1080250,company_ocdata_id_3125460,TRUE
company_bisnode_id_854954,company_ocdata_id_2333845,TRUE
company_bisnode_id_942524,company_ocdata_id_2011628,TRUE
company_bisnode_id_1109738,company_ocdata_id_1260806,TRUE
company_bisnode_id_743734,company_ocdata_id_4857460,TRUE
company_bisnode_id_386292,company_ocdata_id_3850142,TRUE
company_bisnode_id_352818,company_ocdata_id_4033875,TRUE
company_bisnode_id_614185,company_ocdata_id_4178192,TRUE
company_bisnode_id_879122,company_ocdata_id_1048719,TRUE
company_bisnode_id_577838,company_ocdata_id_686503,TRUE
company_bisnode_id_1291059,company_ocdata_id_3961478,TRUE
company_bisnode_id_867828,company_ocdata_id_2328881,TRUE
company_bisnode_id_1097324,company_ocdata_id_2100690,TRUE
company_bisnode_id_967724,company_ocdata_id_359178,TRUE
company_bisnode_id_1146364,company_ocdata_id_4795066,TRUE
company_bisnode_id_1483688,company_ocdata_id_1864120,TRUE
company_bisnode_id_1320574,company_ocdata_id_867941,TRUE
company_bisnode_id_1479739,company_ocdata_id_2867490,TRUE
company_bisnode_id_28113,company_ocdata_id_2573638,TRUE
company_bisnode_id_678170,company_ocdata_id_249332,TRUE
company_bisnode_id_89862,company_ocdata_id_802318,TRUE
company_bisnode_id_670154,company_ocdata_id_485986,TRUE
company_bisnode_id_267524,company_ocdata_id_2258031,TRUE
company_bisnode_id_1426593,company_ocdata_id_4303335,TRUE
company_bisnode_id_1361020,company_ocdata_id_483990,TRUE
company_bisnode_id_1543150,company_ocdata_id_1022337,TRUE
company_bisnode_id_106186,company_ocdata_id_3887362,TRUE
company_bisnode_id_1412380,company_ocdata_id_3480891,TRUE
company_bisnode_id_515423,company_ocdata_id_3872085,TRUE
company_bisnode_id_1161726,company_ocdata_id_3823628,TRUE
company_bisnode_id_785640,company_ocdata_id_687263,TRUE
company_bisnode_id_1414130,company_ocdata_id_2421006,TRUE
company_bisnode_id_299571,company_ocdata_id_2887067,TRUE
company_bisnode_id_1093974,company_ocdata_id_1458449,TRUE
company_bisnode_id_1371968,company_ocdata_id_1007748,TRUE
company_bisnode_id_514874,company_ocdata_id_1196433,TRUE
company_bisnode_id_663398,company_ocdata_id_4315135,TRUE
company_bisnode_id_45400,company_ocdata_id_3802004,TRUE
company_bisnode_id_1546211,company_ocdata_id_4336107,TRUE
company_bisnode_id_801268,company_ocdata_id_3661,TRUE
company_bisnode_id_660454,company_ocdata_id_3975042,TRUE
company_bisnode_id_1456185,company_ocdata_id_3842278,TRUE
company_bisnode_id_1026225,company_ocdata_id_1085147,TRUE
company_bisnode_id_1498848,company_ocdata_id_256097,TRUE
company_bisnode_id_621972,company_ocdata_id_4249832,TRUE
company_bisnode_id_1473069,company_ocdata_id_235610,TRUE
company_bisnode_id_828174,company_ocdata_id_3833088,TRUE
company_bisnode_id_263245,company_ocdata_id_1750796,TRUE
company_bisnode_id_973914,company_ocdata_id_1786544,TRUE
company_bisnode_id_33482,company_ocdata_id_1003525,TRUE
company_bisnode_id_814884,company_ocdata_id_926094,TRUE
company_bisnode_id_189158,company_ocdata_id_2430831,TRUE
company_bisnode_id_564457,company_ocdata_id_4112558,TRUE
company_bisnode_id_866326,company_ocdata_id_2989777,TRUE
company_bisnode_id_807286,company_ocdata_id_2117495,TRUE
company_bisnode_id_1128434,company_ocdata_id_2483043,TRUE
company_bisnode_id_35837,company_ocdata_id_962634,TRUE
company_bisnode_id_1509057,company_ocdata_id_4150545,TRUE
company_bisnode_id_867428,company_ocdata_id_2738922,TRUE
company_bisnode_id_107336,company_ocdata_id_2064131,TRUE
company_bisnode_id_861751,company_ocdata_id_270933,TRUE
company_bisnode_id_875698,company_ocdata_id_2257622,TRUE
company_bisnode_id_1329785,company_ocdata_id_2123068,TRUE
company_bisnode_id_186943,company_ocdata_id_257413,TRUE
company_bisnode_id_20436,company_ocdata_id_4384024,TRUE
company_bisnode_id_658237,company_ocdata_id_4793956,TRUE
company_bisnode_id_436887,company_ocdata_id_427672,TRUE
company_bisnode_id_1544878,company_ocdata_id_3848402,TRUE
company_bisnode_id_1571711,company_ocdata_id_1794823,TRUE
company_bisnode_id_1193775,company_ocdata_id_747925,TRUE
company_bisnode_id_1290180,company_ocdata_id_3387711,TRUE
company_bisnode_id_911270,company_ocdata_id_2611779,TRUE
company_bisnode_id_108234,company_ocdata_id_617937,TRUE
company_bisnode_id_41096,company_ocdata_id_1392041,TRUE
company_bisnode_id_997488,company_ocdata_id_2665638,TRUE
company_bisnode_id_1246226,company_ocdata_id_3691901,TRUE
company_bisnode_id_870481,company_ocdata_id_746775,TRUE
company_bisnode_id_521762,company_ocdata_id_885581,TRUE
company_bisnode_id_1356422,company_ocdata_id_3735309,TRUE
company_bisnode_id_666897,company_ocdata_id_3711981,TRUE
company_bisnode_id_342082,company_ocdata_id_1971878,TRUE
company_bisnode_id_75243,company_ocdata_id_1817107,TRUE
company_bisnode_id_1519690,company_ocdata_id_2920676,TRUE
company_bisnode_id_1135931,company_ocdata_id_3053879,TRUE
company_bisnode_id_112403,company_ocdata_id_1269109,TRUE
company_bisnode_id_812057,company_ocdata_id_948624,TRUE
company_bisnode_id_214666,company_ocdata_id_3083351,TRUE
company_bisnode_id_509617,company_ocdata_id_444808,TRUE
company_bisnode_id_1500769,company_ocdata_id_1746051,TRUE
company_bisnode_id_1394055,company_ocdata_id_373946,TRUE
company_bisnode_id_446156,company_ocdata_id_768392,TRUE
company_bisnode_id_567929,company_ocdata_id_2305329,TRUE
company_bisnode_id_185304,company_ocdata_id_3052062,TRUE
company_bisnode_id_891292,company_ocdata_id_348287,TRUE
company_bisnode_id_363061,company_ocdata_id_3717026,TRUE
company_bisnode_id_917591,company_ocdata_id_2732634,TRUE
company_bisnode_id_1163624,company_ocdata_id_2442144,TRUE
company_bisnode_id_799657,company_ocdata_id_2187348,TRUE
company_bisnode_id_49506,company_ocdata_id_673929,TRUE
company_bisnode_id_681781,company_ocdata_id_239890,TRUE
company_bisnode_id_836534,company_ocdata_id_6694,TRUE
company_bisnode_id_1049133,company_ocdata_id_983867,TRUE
company_bisnode_id_338186,company_ocdata_id_3473645,TRUE
company_bisnode_id_889989,company_ocdata_id_2594232,TRUE
company_bisnode_id_357980,company_ocdata_id_2461231,TRUE
company_bisnode_id_669891,company_ocdata_id_4775308,TRUE
company_bisnode_id_545619,company_ocdata_id_2012899,TRUE
company_bisnode_id_1462600,company_ocdata_id_1083612,TRUE
company_bisnode_id_546647,company_ocdata_id_4777823,TRUE
company_bisnode_id_726755,company_ocdata_id_4673633,TRUE
company_bisnode_id_1306390,company_ocdata_id_1728812,TRUE
company_bisnode_id_1048206,company_ocdata_id_4311856,TRUE
company_bisnode_id_1074989,company_ocdata_id_2512906,TRUE
company_bisnode_id_41377,company_ocdata_id_3709558,TRUE
company_bisnode_id_530494,company_ocdata_id_4389288,TRUE
company_bisnode_id_269063,company_ocdata_id_480016,TRUE
company_bisnode_id_1303572,company_ocdata_id_3011765,TRUE
company_bisnode_id_256169,company_ocdata_id_3720823,TRUE
company_bisnode_id_18059,company_ocdata_id_477136,TRUE
company_bisnode_id_1304,company_ocdata_id_1673257,TRUE
company_bisnode_id_1387929,company_ocdata_id_425187,TRUE
company_bisnode_id_691928,company_ocdata_id_1019047,TRUE
company_bisnode_id_433232,company_ocdata_id_3793097,TRUE
company_bisnode_id_1091715,company_ocdata_id_3614234,TRUE
company_bisnode_id_188938,company_ocdata_id_3385197,TRUE
company_bisnode_id_1329440,company_ocdata_id_3104713,TRUE
company_bisnode_id_760643,company_ocdata_id_4874021,TRUE
company_bisnode_id_720906,company_ocdata_id_2548375,TRUE
company_bisnode_id_527481,company_ocdata_id_1082956,TRUE
company_bisnode_id_46732,company_ocdata_id_699611,TRUE
company_bisnode_id_683597,company_ocdata_id_929944,TRUE
company_bisnode_id_51833,company_ocdata_id_2370687,TRUE
company_bisnode_id_614093,company_ocdata_id_4487322,TRUE
company_bisnode_id_616390,company_ocdata_id_4334046,TRUE
company_bisnode_id_86833,company_ocdata_id_4955517,TRUE
company_bisnode_id_1153644,company_ocdata_id_489296,TRUE
company_bisnode_id_7572,company_ocdata_id_3649926,TRUE
company_bisnode_id_303485,company_ocdata_id_2698106,TRUE
company_bisnode_id_1043942,company_ocdata_id_858326,TRUE
company_bisnode_id_861571,company_ocdata_id_683052,TRUE
company_bisnode_id_51794,company_ocdata_id_0,FALSE
company_bisnode_id_5981,company_ocdata_id_1,FALSE
company_bisnode_id_259029,company_ocdata_id_2,FALSE
company_bisnode_id_261210,company_ocdata_id_3,FALSE
company_bisnode_id_118953,company_ocdata_id_4,FALSE
company_bisnode_id_251679,company_ocdata_id_5,FALSE
company_bisnode_id_120914,company_ocdata_id_6,FALSE
company_bisnode_id_278096,company_ocdata_id_7,FALSE
company_bisnode_id_205483,company_ocdata_id_8,FALSE
company_bisnode_id_255876,company_ocdata_id_9,FALSE
company_bisnode_id_124297,company_ocdata_id_10,FALSE
company_bisnode_id_38670,company_ocdata_id_11,FALSE
company_bisnode_id_9378,company_ocdata_id_12,FALSE
company_bisnode_id_212476,company_ocdata_id_13,FALSE
company_bisnode_id_77049,company_ocdata_id_14,FALSE
company_bisnode_id_313187,company_ocdata_id_15,FALSE
company_bisnode_id_69467,company_ocdata_id_16,FALSE
company_bisnode_id_33142,company_ocdata_id_17,FALSE
company_bisnode_id_126863,company_ocdata_id_18,FALSE
company_bisnode_id_240506,company_ocdata_id_19,FALSE
company_bisnode_id_243844,company_ocdata_id_20,FALSE
company_bisnode_id_24250,company_ocdata_id_21,FALSE
company_bisnode_id_309041,company_ocdata_id_22,FALSE
company_bisnode_id_84148,company_ocdata_id_23,FALSE
company_bisnode_id_218127,company_ocdata_id_24,FALSE
company_bisnode_id_14606,company_ocdata_id_25,FALSE
company_bisnode_id_126746,company_ocdata_id_26,FALSE
company_bisnode_id_168229,company_ocdata_id_27,FALSE
company_bisnode_id_190614,company_ocdata_id_28,FALSE
company_bisnode_id_288549,company_ocdata_id_29,FALSE
company_bisnode_id_253434,company_ocdata_id_30,FALSE
company_bisnode_id_186444,company_ocdata_id_31,FALSE
company_bisnode_id_311986,company_ocdata_id_32,FALSE
company_bisnode_id_237020,company_ocdata_id_33,FALSE
company_bisnode_id_59183,company_ocdata_id_34,FALSE
company_bisnode_id_305348,company_ocdata_id_35,FALSE
company_bisnode_id_158297,company_ocdata_id_36,FALSE
company_bisnode_id_58042,company_ocdata_id_37,FALSE
company_bisnode_id_159923,company_ocdata_id_38,FALSE
company_bisnode_id_47554,company_ocdata_id_39,FALSE
company_bisnode_id_236061,company_ocdata_id_40,FALSE
company_bisnode_id_189549,company_ocdata_id_41,FALSE
company_bisnode_id_146066,company_ocdata_id_42,FALSE
company_bisnode_id_317130,company_ocdata_id_43,FALSE
company_bisnode_id_161260,company_ocdata_id_44,FALSE
company_bisnode_id_301884,company_ocdata_id_45,FALSE
company_bisnode_id_292300,company_ocdata_id_46,FALSE
company_bisnode_id_314759,company_ocdata_id_47,FALSE
company_bisnode_id_90972,company_ocdata_id_48,FALSE
company_bisnode_id_64233,company_ocdata_id_49,FALSE
company_bisnode_id_257679,company_ocdata_id_50,FALSE
company_bisnode_id_162418,company_ocdata_id_51,FALSE
company_bisnode_id_51447,company_ocdata_id_52,FALSE
company_bisnode_id_177890,company_ocdata_id_53,FALSE
company_bisnode_id_281332,company_ocdata_id_54,FALSE
company_bisnode_id_147313,company_ocdata_id_55,FALSE
company_bisnode_id_305939,company_ocdata_id_56,FALSE
company_bisnode_id_63618,company_ocdata_id_57,FALSE
company_bisnode_id_240570,company_ocdata_id_58,FALSE
company_bisnode_id_263750,company_ocdata_id_59,FALSE
company_bisnode_id_286856,company_ocdata_id_60,FALSE
company_bisnode_id_236390,company_ocdata_id_61,FALSE
company_bisnode_id_183216,company_ocdata_id_62,FALSE
company_bisnode_id_211729,company_ocdata_id_63,FALSE
company_bisnode_id_130367,company_ocdata_id_64,FALSE
company_bisnode_id_232718,company_ocdata_id_65,FALSE
company_bisnode_id_256992,company_ocdata_id_66,FALSE
company_bisnode_id_53061,company_ocdata_id_67,FALSE
company_bisnode_id_275451,company_ocdata_id_68,FALSE
company_bisnode_id_206417,company_ocdata_id_69,FALSE
company_bisnode_id_89126,company_ocdata_id_70,FALSE
company_bisnode_id_63908,company_ocdata_id_71,FALSE
company_bisnode_id_215955,company_ocdata_id_72,FALSE
company_bisnode_id_293821,company_ocdata_id_73,FALSE
company_bisnode_id_114727,company_ocdata_id_74,FALSE
company_bisnode_id_250678,company_ocdata_id_75,FALSE
company_bisnode_id_137029,company_ocdata_id_76,FALSE
company_bisnode_id_59564,company_ocdata_id_77,FALSE
company_bisnode_id_36105,company_ocdata_id_78,FALSE
company_bisnode_id_192678,company_ocdata_id_79,FALSE
company_bisnode_id_102127,company_ocdata_id_80,FALSE
company_bisnode_id_110122,company_ocdata_id_81,FALSE
company_bisnode_id_32867,company_ocdata_id_82,FALSE
company_bisnode_id_267354,company_ocdata_id_83,FALSE
company_bisnode_id_246622,company_ocdata_id_84,FALSE
company_bisnode_id_286337,company_ocdata_id_85,FALSE
company_bisnode_id_7882,company_ocdata_id_86,FALSE
company_bisnode_id_14647,company_ocdata_id_87,FALSE
company_bisnode_id_110599,company_ocdata_id_88,FALSE
company_bisnode_id_9260,company_ocdata_id_89,FALSE
company_bisnode_id_166828,company_ocdata_id_90,FALSE
company_bisnode_id_66816,company_ocdata_id_91,FALSE
company_bisnode_id_6016,company_ocdata_id_92,FALSE
company_bisnode_id_269039,company_ocdata_id_93,FALSE
company_bisnode_id_308620,company_ocdata_id_94,FALSE
company_bisnode_id_54201,company_ocdata_id_95,FALSE
company_bisnode_id_272365,company_ocdata_id_96,FALSE
company_bisnode_id_316230,company_ocdata_id_97,FALSE
company_bisnode_id_28142,company_ocdata_id_98,FALSE
company_bisnode_id_66261,company_ocdata_id_99,FALSE
company_bisnode_id_30325,company_ocdata_id_100,FALSE
company_bisnode_id_192998,company_ocdata_id_101,FALSE
company_bisnode_id_279274,company_ocdata_id_102,FALSE
company_bisnode_id_197246,company_ocdata_id_103,FALSE
company_bisnode_id_15628,company_ocdata_id_104,FALSE
company_bisnode_id_169031,company_ocdata_id_105,FALSE
company_bisnode_id_194108,company_ocdata_id_106,FALSE
company_bisnode_id_277251,company_ocdata_id_107,FALSE
company_bisnode_id_101306,company_ocdata_id_108,FALSE
company_bisnode_id_8789,company_ocdata_id_109,FALSE
company_bisnode_id_235600,company_ocdata_id_110,FALSE
company_bisnode_id_5832,company_ocdata_id_111,FALSE
company_bisnode_id_256304,company_ocdata_id_112,FALSE
company_bisnode_id_17331,company_ocdata_id_113,FALSE
company_bisnode_id_27544,company_ocdata_id_114,FALSE
company_bisnode_id_52676,company_ocdata_id_115,FALSE
company_bisnode_id_177499,company_ocdata_id_116,FALSE
company_bisnode_id_316762,company_ocdata_id_117,FALSE
company_bisnode_id_75618,company_ocdata_id_118,FALSE
company_bisnode_id_308257,company_ocdata_id_119,FALSE
company_bisnode_id_102649,company_ocdata_id_120,FALSE
company_bisnode_id_103185,company_ocdata_id_121,FALSE
company_bisnode_id_169329,company_ocdata_id_122,FALSE
company_bisnode_id_226605,company_ocdata_id_123,FALSE
company_bisnode_id_137881,company_ocdata_id_124,FALSE
company_bisnode_id_23490,company_ocdata_id_125,FALSE
company_bisnode_id_104411,company_ocdata_id_126,FALSE
company_bisnode_id_204822,company_ocdata_id_127,FALSE
company_bisnode_id_73513,company_ocdata_id_128,FALSE
company_bisnode_id_16015,company_ocdata_id_129,FALSE
company_bisnode_id_146282,company_ocdata_id_130,FALSE
company_bisnode_id_293802,company_ocdata_id_131,FALSE
company_bisnode_id_243767,company_ocdata_id_132,FALSE
company_bisnode_id_134103,company_ocdata_id_133,FALSE
company_bisnode_id_129950,company_ocdata_id_134,FALSE
company_bisnode_id_238684,company_ocdata_id_135,FALSE
company_bisnode_id_14072,company_ocdata_id_136,FALSE
company_bisnode_id_28441,company_ocdata_id_137,FALSE
company_bisnode_id_149099,company_ocdata_id_138,FALSE
company_bisnode_id_271662,company_ocdata_id_139,FALSE
company_bisnode_id_225558,company_ocdata_id_140,FALSE
company_bisnode_id_290938,company_ocdata_id_141,FALSE
company_bisnode_id_104802,company_ocdata_id_142,FALSE
company_bisnode_id_49623,company_ocdata_id_143,FALSE
company_bisnode_id_49701,company_ocdata_id_144,FALSE
company_bisnode_id_263011,company_ocdata_id_145,FALSE
company_bisnode_id_296443,company_ocdata_id_146,FALSE
company_bisnode_id_116782,company_ocdata_id_147,FALSE
company_bisnode_id_231946,company_ocdata_id_148,FALSE
company_bisnode_id_71218,company_ocdata_id_149,FALSE
company_bisnode_id_104009,company_ocdata_id_150,FALSE
company_bisnode_id_180590,company_ocdata_id_151,FALSE
company_bisnode_id_283850,company_ocdata_id_152,FALSE
company_bisnode_id_6233,company_ocdata_id_153,FALSE
company_bisnode_id_95527,company_ocdata_id_154,FALSE
company_bisnode_id_302440,company_ocdata_id_155,FALSE
company_bisnode_id_123485,company_ocdata_id_156,FALSE
company_bisnode_id_198426,company_ocdata_id_157,FALSE
company_bisnode_id_164578,company_ocdata_id_158,FALSE
company_bisnode_id_152925,company_ocdata_id_159,FALSE
company_bisnode_id_206640,company_ocdata_id_160,FALSE
company_bisnode_id_247558,company_ocdata_id_161,FALSE
company_bisnode_id_277952,company_ocdata_id_162,FALSE
company_bisnode_id_28465,company_ocdata_id_163,FALSE
company_bisnode_id_214773,company_ocdata_id_164,FALSE
company_bisnode_id_33551,company_ocdata_id_165,FALSE
company_bisnode_id_102548,company_ocdata_id_166,FALSE
company_bisnode_id_76369,company_ocdata_id_167,FALSE
company_bisnode_id_53855,company_ocdata_id_168,FALSE
company_bisnode_id_210573,company_ocdata_id_169,FALSE
company_bisnode_id_308729,company_ocdata_id_170,FALSE
company_bisnode_id_264692,company_ocdata_id_171,FALSE
company_bisnode_id_34058,company_ocdata_id_172,FALSE
company_bisnode_id_169358,company_ocdata_id_173,FALSE
company_bisnode_id_253592,company_ocdata_id_174,FALSE
company_bisnode_id_230256,company_ocdata_id_175,FALSE
company_bisnode_id_253493,company_ocdata_id_176,FALSE
company_bisnode_id_75664,company_ocdata_id_177,FALSE
company_bisnode_id_145056,company_ocdata_id_178,FALSE
company_bisnode_id_259746,company_ocdata_id_179,FALSE
company_bisnode_id_29101,company_ocdata_id_180,FALSE
company_bisnode_id_195189,company_ocdata_id_181,FALSE
company_bisnode_id_51691,company_ocdata_id_182,FALSE
company_bisnode_id_210422,company_ocdata_id_183,FALSE
company_bisnode_id_194698,company_ocdata_id_184,FALSE
company_bisnode_id_152540,company_ocdata_id_185,FALSE
company_bisnode_id_124453,company_ocdata_id_186,FALSE
company_bisnode_id_195002,company_ocdata_id_187,FALSE
company_bisnode_id_179808,company_ocdata_id_188,FALSE
company_bisnode_id_4810,company_ocdata_id_189,FALSE
company_bisnode_id_227527,company_ocdata_id_190,FALSE
company_bisnode_id_36144,company_ocdata_id_191,FALSE
company_bisnode_id_130054,company_ocdata_id_192,FALSE
company_bisnode_id_188696,company_ocdata_id_193,FALSE
company_bisnode_id_218545,company_ocdata_id_194,FALSE
company_bisnode_id_76922,company_ocdata_id_195,FALSE
company_bisnode_id_80413,company_ocdata_id_196,FALSE
company_bisnode_id_235853,company_ocdata_id_197,FALSE
company_bisnode_id_94534,company_ocdata_id_198,FALSE
company_bisnode_id_274085,company_ocdata_id_199,FALSE
company_bisnode_id_139489,company_ocdata_id_200,FALSE
company_bisnode_id_64361,company_ocdata_id_201,FALSE
company_bisnode_id_298814,company_ocdata_id_202,FALSE
company_bisnode_id_175993,company_ocdata_id_203,FALSE
company_bisnode_id_242346,company_ocdata_id_204,FALSE
company_bisnode_id_220994,company_ocdata_id_205,FALSE
company_bisnode_id_157932,company_ocdata_id_206,FALSE
company_bisnode_id_19686,company_ocdata_id_207,FALSE
company_bisnode_id_117812,company_ocdata_id_208,FALSE
company_bisnode_id_44021,company_ocdata_id_209,FALSE
company_bisnode_id_284055,company_ocdata_id_210,FALSE
company_bisnode_id_220109,company_ocdata_id_211,FALSE
company_bisnode_id_123440,company_ocdata_id_212,FALSE
company_bisnode_id_37805,company_ocdata_id_213,FALSE
company_bisnode_id_113588,company_ocdata_id_214,FALSE
company_bisnode_id_134558,company_ocdata_id_215,FALSE
company_bisnode_id_159732,company_ocdata_id_216,FALSE
company_bisnode_id_170045,company_ocdata_id_217,FALSE
company_bisnode_id_281700,company_ocdata_id_218,FALSE
company_bisnode_id_12528,company_ocdata_id_219,FALSE
company_bisnode_id_296747,company_ocdata_id_220,FALSE
company_bisnode_id_305782,company_ocdata_id_221,FALSE
company_bisnode_id_4408,company_ocdata_id_222,FALSE
company_bisnode_id_96510,company_ocdata_id_223,FALSE
company_bisnode_id_96200,company_ocdata_id_224,FALSE
company_bisnode_id_113135,company_ocdata_id_225,FALSE
company_bisnode_id_52507,company_ocdata_id_226,FALSE
company_bisnode_id_129113,company_ocdata_id_227,FALSE
company_bisnode_id_8114,company_ocdata_id_228,FALSE
company_bisnode_id_260852,company_ocdata_id_229,FALSE
company_bisnode_id_292439,company_ocdata_id_230,FALSE
company_bisnode_id_232709,company_ocdata_id_231,FALSE
company_bisnode_id_69792,company_ocdata_id_232,FALSE
company_bisnode_id_56176,company_ocdata_id_233,FALSE
company_bisnode_id_200836,company_ocdata_id_234,FALSE
company_bisnode_id_10398,company_ocdata_id_235,FALSE
company_bisnode_id_272504,company_ocdata_id_236,FALSE
company_bisnode_id_214916,company_ocdata_id_237,FALSE
company_bisnode_id_154462,company_ocdata_id_238,FALSE
company_bisnode_id_74097,company_ocdata_id_239,FALSE
company_bisnode_id_12902,company_ocdata_id_240,FALSE
company_bisnode_id_197536,company_ocdata_id_241,FALSE
company_bisnode_id_306127,company_ocdata_id_242,FALSE
company_bisnode_id_15431,company_ocdata_id_243,FALSE
company_bisnode_id_135053,company_ocdata_id_244,FALSE
company_bisnode_id_282123,company_ocdata_id_245,FALSE
company_bisnode_id_87291,company_ocdata_id_246,FALSE
company_bisnode_id_237121,company_ocdata_id_247,FALSE
company_bisnode_id_315397,company_ocdata_id_248,FALSE
company_bisnode_id_141989,company_ocdata_id_249,FALSE
company_bisnode_id_86151,company_ocdata_id_250,FALSE
company_bisnode_id_53098,company_ocdata_id_251,FALSE
company_bisnode_id_123367,company_ocdata_id_252,FALSE
company_bisnode_id_9218,company_ocdata_id_253,FALSE
company_bisnode_id_20538,company_ocdata_id_254,FALSE
company_bisnode_id_23769,company_ocdata_id_255,FALSE
company_bisnode_id_256553,company_ocdata_id_256,FALSE
company_bisnode_id_257599,company_ocdata_id_257,FALSE
company_bisnode_id_146759,company_ocdata_id_258,FALSE
company_bisnode_id_312897,company_ocdata_id_259,FALSE
company_bisnode_id_59796,company_ocdata_id_126749,TRUE
company_bisnode_id_1452609,company_ocdata_id_4659027,TRUE
company_bisnode_id_86776,company_ocdata_id_1916818,FALSE
company_bisnode_id_170486,company_ocdata_id_4483240,TRUE
company_bisnode_id_1370295,company_ocdata_id_2323540,TRUE
company_bisnode_id_973582,company_ocdata_id_365851,FALSE
company_bisnode_id_155968,company_ocdata_id_4189980,TRUE
company_bisnode_id_285274,company_ocdata_id_2769334,TRUE
company_bisnode_id_1110668,company_ocdata_id_4626246,FALSE
company_bisnode_id_1491087,company_ocdata_id_131694,TRUE
company_bisnode_id_137628,company_ocdata_id_1311438,TRUE
company_bisnode_id_751505,company_ocdata_id_2209343,FALSE
company_bisnode_id_734932,company_ocdata_id_5279068,TRUE
company_bisnode_id_161373,company_ocdata_id_1146604,TRUE
company_bisnode_id_200954,company_ocdata_id_2144598,FALSE
company_bisnode_id_1016702,company_ocdata_id_3183736,TRUE
company_bisnode_id_288684,company_ocdata_id_4579100,TRUE
company_bisnode_id_203464,company_ocdata_id_4662468,TRUE
company_bisnode_id_1123339,company_ocdata_id_1011941,TRUE
company_bisnode_id_1339117,company_ocdata_id_5265302,FALSE
company_bisnode_id_1458537,company_ocdata_id_3703911,FALSE
company_bisnode_id_129994,company_ocdata_id_5018172,TRUE
company_bisnode_id_1486457,company_ocdata_id_2938254,TRUE
company_bisnode_id_1365222,company_ocdata_id_3884674,FALSE
company_bisnode_id_1455374,company_ocdata_id_4569910,TRUE
company_bisnode_id_154876,company_ocdata_id_1266267,TRUE
company_bisnode_id_1098588,company_ocdata_id_1469895,FALSE
company_bisnode_id_619865,company_ocdata_id_3351323,FALSE
company_bisnode_id_526628,company_ocdata_id_4588964,TRUE
company_bisnode_id_168284,company_ocdata_id_1968375,TRUE
company_bisnode_id_391530,company_ocdata_id_5038268,TRUE
company_bisnode_id_1166411,company_ocdata_id_5201686,FALSE
company_bisnode_id_1157768,company_ocdata_id_4223095,TRUE
company_bisnode_id_242715,company_ocdata_id_3803358,TRUE
company_bisnode_id_244134,company_ocdata_id_2747472,TRUE
company_bisnode_id_124180,company_ocdata_id_964310,TRUE
company_bisnode_id_1243461,company_ocdata_id_2572688,TRUE
company_bisnode_id_169444,company_ocdata_id_950124,TRUE
company_bisnode_id_158494,company_ocdata_id_4382277,TRUE
company_bisnode_id_1328170,company_ocdata_id_3120437,FALSE
company_bisnode_id_921546,company_ocdata_id_114603,TRUE
company_bisnode_id_447580,company_ocdata_id_5053779,FALSE
company_bisnode_id_556287,company_ocdata_id_4976493,FALSE
company_bisnode_id_534514,company_ocdata_id_5102971,TRUE
company_bisnode_id_462059,company_ocdata_id_4132689,TRUE
company_bisnode_id_373318,company_ocdata_id_3641684,TRUE
company_bisnode_id_1158984,company_ocdata_id_116787,TRUE
company_bisnode_id_521653,company_ocdata_id_5251452,FALSE
company_bisnode_id_1220529,company_ocdata_id_4724032,FALSE
company_bisnode_id_419139,company_ocdata_id_873818,TRUE
company_bisnode_id_1230987,company_ocdata_id_2752328,FALSE
company_bisnode_id_1236656,company_ocdata_id_5242643,FALSE
company_bisnode_id_776477,company_ocdata_id_5257416,FALSE
company_bisnode_id_1082369,company_ocdata_id_894288,TRUE
company_bisnode_id_442875,company_ocdata_id_5171266,TRUE
company_bisnode_id_144465,company_ocdata_id_3689845,TRUE
company_bisnode_id_166374,company_ocdata_id_5017839,TRUE
company_bisnode_id_142270,company_ocdata_id_4995330,TRUE
company_bisnode_id_166681,company_ocdata_id_981154,TRUE
company_bisnode_id_1081579,company_ocdata_id_5274595,TRUE
company_bisnode_id_330276,company_ocdata_id_3615656,FALSE
company_bisnode_id_54695,company_ocdata_id_2141376,TRUE
company_bisnode_id_349785,company_ocdata_id_1299142,TRUE
company_bisnode_id_1519132,company_ocdata_id_4577795,TRUE
company_bisnode_id_754051,company_ocdata_id_4691350,TRUE
company_bisnode_id_989435,company_ocdata_id_685883,TRUE
company_bisnode_id_1519300,company_ocdata_id_4579165,TRUE
company_bisnode_id_51320,company_ocdata_id_708168,TRUE
company_bisnode_id_594426,company_ocdata_id_4993898,TRUE
company_bisnode_id_826587,company_ocdata_id_3962427,TRUE
company_bisnode_id_1364593,company_ocdata_id_3960808,TRUE
company_bisnode_id_498131,company_ocdata_id_933904,TRUE
company_bisnode_id_299308,company_ocdata_id_2508451,TRUE
company_bisnode_id_1246708,company_ocdata_id_3332787,TRUE
company_bisnode_id_834507,company_ocdata_id_3427914,TRUE
company_bisnode_id_430561,company_ocdata_id_2898873,TRUE
company_bisnode_id_387526,company_ocdata_id_1053186,TRUE
company_bisnode_id_663304,company_ocdata_id_4316305,TRUE
company_bisnode_id_1483119,company_ocdata_id_933412,TRUE
company_bisnode_id_649279,company_ocdata_id_4538501,TRUE
company_bisnode_id_870686,company_ocdata_id_1800005,TRUE
company_bisnode_id_1101448,company_ocdata_id_2145943,TRUE
company_bisnode_id_8984,company_ocdata_id_231194,TRUE
company_bisnode_id_1256934,company_ocdata_id_2230226,TRUE
company_bisnode_id_629210,company_ocdata_id_24226,TRUE
company_bisnode_id_557351,company_ocdata_id_4772620,TRUE
company_bisnode_id_1285383,company_ocdata_id_4836820,TRUE
company_bisnode_id_661789,company_ocdata_id_907225,TRUE
company_bisnode_id_667291,company_ocdata_id_2603359,TRUE
company_bisnode_id_531309,company_ocdata_id_3394882,TRUE
