company_bisnode_id_1512075,company_ocdata_id_2814275,TRUE
company_bisnode_id_890066,company_ocdata_id_238285,TRUE
company_bisnode_id_289781,company_ocdata_id_1512752,TRUE
company_bisnode_id_860905,company_ocdata_id_869273,TRUE
company_bisnode_id_679006,company_ocdata_id_1804244,TRUE
company_bisnode_id_578395,company_ocdata_id_1414618,TRUE
company_bisnode_id_1532913,company_ocdata_id_2864993,TRUE
company_bisnode_id_544654,company_ocdata_id_610825,TRUE
company_bisnode_id_811166,company_ocdata_id_2673107,TRUE
company_bisnode_id_845582,company_ocdata_id_432114,TRUE
company_bisnode_id_18180,company_ocdata_id_477328,TRUE
company_bisnode_id_1375927,company_ocdata_id_2562467,TRUE
company_bisnode_id_756028,company_ocdata_id_2635588,TRUE
company_bisnode_id_496875,company_ocdata_id_673284,TRUE
company_bisnode_id_1307431,company_ocdata_id_3339011,TRUE
company_bisnode_id_1034400,company_ocdata_id_835441,TRUE
company_bisnode_id_583171,company_ocdata_id_1730458,TRUE
company_bisnode_id_728123,company_ocdata_id_2705133,TRUE
company_bisnode_id_1452152,company_ocdata_id_2089989,TRUE
company_bisnode_id_832012,company_ocdata_id_1458623,TRUE
company_bisnode_id_1216860,company_ocdata_id_2571962,TRUE
company_bisnode_id_201873,company_ocdata_id_2854281,TRUE
company_bisnode_id_1538322,company_ocdata_id_366606,TRUE
company_bisnode_id_264242,company_ocdata_id_4289672,TRUE
company_bisnode_id_1365369,company_ocdata_id_3905100,TRUE
company_bisnode_id_71073,company_ocdata_id_1936091,TRUE
company_bisnode_id_452987,company_ocdata_id_2490823,TRUE
company_bisnode_id_1232205,company_ocdata_id_614945,TRUE
company_bisnode_id_1331212,company_ocdata_id_2205459,TRUE
company_bisnode_id_1034943,company_ocdata_id_823165,TRUE
company_bisnode_id_1380170,company_ocdata_id_2439927,TRUE
company_bisnode_id_1239543,company_ocdata_id_4503443,TRUE
company_bisnode_id_1109711,company_ocdata_id_3054219,TRUE
company_bisnode_id_957411,company_ocdata_id_5024858,TRUE
company_bisnode_id_706691,company_ocdata_id_2169347,TRUE
company_bisnode_id_1294589,company_ocdata_id_3325443,TRUE
company_bisnode_id_339540,company_ocdata_id_2804070,TRUE
company_bisnode_id_857137,company_ocdata_id_621012,TRUE
company_bisnode_id_215721,company_ocdata_id_1411055,TRUE
company_bisnode_id_902528,company_ocdata_id_2595728,TRUE
company_bisnode_id_1296703,company_ocdata_id_935786,TRUE
company_bisnode_id_1557980,company_ocdata_id_3157309,TRUE
company_bisnode_id_1462154,company_ocdata_id_1085487,TRUE
company_bisnode_id_836505,company_ocdata_id_3958900,TRUE
company_bisnode_id_214538,company_ocdata_id_3020812,TRUE
company_bisnode_id_839033,company_ocdata_id_3478394,TRUE
company_bisnode_id_484739,company_ocdata_id_4208185,TRUE
company_bisnode_id_608276,company_ocdata_id_1205351,TRUE
company_bisnode_id_739412,company_ocdata_id_2478819,TRUE
company_bisnode_id_98769,company_ocdata_id_3631708,TRUE
company_bisnode_id_586981,company_ocdata_id_3858343,TRUE
company_bisnode_id_1305622,company_ocdata_id_2312621,TRUE
company_bisnode_id_955016,company_ocdata_id_2118031,TRUE
company_bisnode_id_259110,company_ocdata_id_2182724,TRUE
company_bisnode_id_1561966,company_ocdata_id_3635752,TRUE
company_bisnode_id_684555,company_ocdata_id_591645,TRUE
company_bisnode_id_346854,company_ocdata_id_590733,TRUE
company_bisnode_id_308631,company_ocdata_id_3370835,TRUE
company_bisnode_id_1222059,company_ocdata_id_3818104,TRUE
company_bisnode_id_97651,company_ocdata_id_2031248,TRUE
company_bisnode_id_1447586,company_ocdata_id_4560649,TRUE
company_bisnode_id_329064,company_ocdata_id_3818213,TRUE
company_bisnode_id_362551,company_ocdata_id_4206226,TRUE
company_bisnode_id_1070254,company_ocdata_id_2025589,TRUE
company_bisnode_id_901898,company_ocdata_id_2484369,TRUE
company_bisnode_id_82972,company_ocdata_id_472678,TRUE
company_bisnode_id_759470,company_ocdata_id_3323205,TRUE
company_bisnode_id_494075,company_ocdata_id_3758016,TRUE
company_bisnode_id_1393570,company_ocdata_id_409263,TRUE
company_bisnode_id_1419684,company_ocdata_id_1107195,TRUE
company_bisnode_id_1379124,company_ocdata_id_4508686,TRUE
company_bisnode_id_1488034,company_ocdata_id_3494282,TRUE
company_bisnode_id_304624,company_ocdata_id_2437829,TRUE
company_bisnode_id_934291,company_ocdata_id_981005,TRUE
company_bisnode_id_980827,company_ocdata_id_2879787,TRUE
company_bisnode_id_1276843,company_ocdata_id_2622572,TRUE
company_bisnode_id_534314,company_ocdata_id_2787812,TRUE
company_bisnode_id_744969,company_ocdata_id_482679,TRUE
company_bisnode_id_652029,company_ocdata_id_1614377,TRUE
company_bisnode_id_787619,company_ocdata_id_3132414,TRUE
company_bisnode_id_381636,company_ocdata_id_1462737,TRUE
company_bisnode_id_1220638,company_ocdata_id_2364268,TRUE
company_bisnode_id_183466,company_ocdata_id_4156137,TRUE
company_bisnode_id_755933,company_ocdata_id_2160205,TRUE
company_bisnode_id_864751,company_ocdata_id_1579040,TRUE
company_bisnode_id_943990,company_ocdata_id_1285390,TRUE
company_bisnode_id_1438520,company_ocdata_id_2661472,TRUE
company_bisnode_id_1137623,company_ocdata_id_536539,TRUE
company_bisnode_id_519824,company_ocdata_id_613844,TRUE
company_bisnode_id_819911,company_ocdata_id_3677867,TRUE
company_bisnode_id_252028,company_ocdata_id_489559,TRUE
company_bisnode_id_585804,company_ocdata_id_1729582,TRUE
company_bisnode_id_1570304,company_ocdata_id_2962008,TRUE
company_bisnode_id_1380657,company_ocdata_id_2885702,TRUE
company_bisnode_id_939035,company_ocdata_id_2565698,TRUE
company_bisnode_id_1278138,company_ocdata_id_3567969,TRUE
company_bisnode_id_1236946,company_ocdata_id_1993097,TRUE
company_bisnode_id_1446261,company_ocdata_id_3570388,TRUE
company_bisnode_id_1263027,company_ocdata_id_3297138,TRUE
company_bisnode_id_502302,company_ocdata_id_864481,TRUE
company_bisnode_id_172297,company_ocdata_id_0,FALSE
company_bisnode_id_105745,company_ocdata_id_1,FALSE
company_bisnode_id_14252,company_ocdata_id_2,FALSE
company_bisnode_id_79532,company_ocdata_id_3,FALSE
company_bisnode_id_125898,company_ocdata_id_4,FALSE
company_bisnode_id_89700,company_ocdata_id_5,FALSE
company_bisnode_id_84374,company_ocdata_id_6,FALSE
company_bisnode_id_30254,company_ocdata_id_7,FALSE
company_bisnode_id_193509,company_ocdata_id_8,FALSE
company_bisnode_id_133059,company_ocdata_id_9,FALSE
company_bisnode_id_285600,company_ocdata_id_10,FALSE
company_bisnode_id_210393,company_ocdata_id_11,FALSE
company_bisnode_id_306989,company_ocdata_id_12,FALSE
company_bisnode_id_37166,company_ocdata_id_13,FALSE
company_bisnode_id_131251,company_ocdata_id_14,FALSE
company_bisnode_id_274146,company_ocdata_id_15,FALSE
company_bisnode_id_171023,company_ocdata_id_16,FALSE
company_bisnode_id_231254,company_ocdata_id_17,FALSE
company_bisnode_id_117164,company_ocdata_id_18,FALSE
company_bisnode_id_105343,company_ocdata_id_19,FALSE
company_bisnode_id_211320,company_ocdata_id_20,FALSE
company_bisnode_id_255884,company_ocdata_id_21,FALSE
company_bisnode_id_143316,company_ocdata_id_22,FALSE
company_bisnode_id_85000,company_ocdata_id_23,FALSE
company_bisnode_id_147799,company_ocdata_id_24,FALSE
company_bisnode_id_187994,company_ocdata_id_25,FALSE
company_bisnode_id_316693,company_ocdata_id_26,FALSE
company_bisnode_id_219491,company_ocdata_id_27,FALSE
company_bisnode_id_73126,company_ocdata_id_28,FALSE
company_bisnode_id_81153,company_ocdata_id_29,FALSE
company_bisnode_id_60854,company_ocdata_id_30,FALSE
company_bisnode_id_163934,company_ocdata_id_31,FALSE
company_bisnode_id_307827,company_ocdata_id_32,FALSE
company_bisnode_id_164489,company_ocdata_id_33,FALSE
company_bisnode_id_155628,company_ocdata_id_34,FALSE
company_bisnode_id_304448,company_ocdata_id_35,FALSE
company_bisnode_id_44517,company_ocdata_id_36,FALSE
company_bisnode_id_24471,company_ocdata_id_37,FALSE
company_bisnode_id_253171,company_ocdata_id_38,FALSE
company_bisnode_id_288165,company_ocdata_id_39,FALSE
company_bisnode_id_186659,company_ocdata_id_40,FALSE
company_bisnode_id_142549,company_ocdata_id_41,FALSE
company_bisnode_id_277443,company_ocdata_id_42,FALSE
company_bisnode_id_54219,company_ocdata_id_43,FALSE
company_bisnode_id_132075,company_ocdata_id_44,FALSE
company_bisnode_id_54744,company_ocdata_id_45,FALSE
company_bisnode_id_76319,company_ocdata_id_46,FALSE
company_bisnode_id_88336,company_ocdata_id_47,FALSE
company_bisnode_id_68260,company_ocdata_id_48,FALSE
company_bisnode_id_140753,company_ocdata_id_49,FALSE
company_bisnode_id_286367,company_ocdata_id_50,FALSE
company_bisnode_id_118529,company_ocdata_id_51,FALSE
company_bisnode_id_182196,company_ocdata_id_52,FALSE
company_bisnode_id_165851,company_ocdata_id_53,FALSE
company_bisnode_id_124776,company_ocdata_id_54,FALSE
company_bisnode_id_254417,company_ocdata_id_55,FALSE
company_bisnode_id_309645,company_ocdata_id_56,FALSE
company_bisnode_id_193207,company_ocdata_id_57,FALSE
company_bisnode_id_52840,company_ocdata_id_58,FALSE
company_bisnode_id_48622,company_ocdata_id_59,FALSE
company_bisnode_id_139202,company_ocdata_id_60,FALSE
company_bisnode_id_241754,company_ocdata_id_61,FALSE
company_bisnode_id_39333,company_ocdata_id_62,FALSE
company_bisnode_id_303890,company_ocdata_id_63,FALSE
company_bisnode_id_272107,company_ocdata_id_64,FALSE
company_bisnode_id_196962,company_ocdata_id_65,FALSE
company_bisnode_id_309458,company_ocdata_id_66,FALSE
company_bisnode_id_10447,company_ocdata_id_67,FALSE
company_bisnode_id_129943,company_ocdata_id_68,FALSE
company_bisnode_id_107981,company_ocdata_id_69,FALSE
company_bisnode_id_184191,company_ocdata_id_70,FALSE
company_bisnode_id_256362,company_ocdata_id_71,FALSE
company_bisnode_id_256998,company_ocdata_id_72,FALSE
company_bisnode_id_124257,company_ocdata_id_73,FALSE
company_bisnode_id_65976,company_ocdata_id_74,FALSE
company_bisnode_id_175526,company_ocdata_id_75,FALSE
company_bisnode_id_273040,company_ocdata_id_76,FALSE
company_bisnode_id_289287,company_ocdata_id_77,FALSE
company_bisnode_id_261972,company_ocdata_id_78,FALSE
company_bisnode_id_11239,company_ocdata_id_79,FALSE
company_bisnode_id_225359,company_ocdata_id_80,FALSE
company_bisnode_id_192368,company_ocdata_id_81,FALSE
company_bisnode_id_47076,company_ocdata_id_82,FALSE
company_bisnode_id_316447,company_ocdata_id_83,FALSE
company_bisnode_id_212683,company_ocdata_id_84,FALSE
company_bisnode_id_210419,company_ocdata_id_85,FALSE
company_bisnode_id_313174,company_ocdata_id_86,FALSE
company_bisnode_id_43251,company_ocdata_id_87,FALSE
company_bisnode_id_266659,company_ocdata_id_88,FALSE
company_bisnode_id_200051,company_ocdata_id_89,FALSE
company_bisnode_id_2160,company_ocdata_id_90,FALSE
company_bisnode_id_310434,company_ocdata_id_91,FALSE
company_bisnode_id_135042,company_ocdata_id_92,FALSE
company_bisnode_id_143955,company_ocdata_id_93,FALSE
company_bisnode_id_73854,company_ocdata_id_94,FALSE
company_bisnode_id_248651,company_ocdata_id_95,FALSE
company_bisnode_id_108209,company_ocdata_id_96,FALSE
company_bisnode_id_156592,company_ocdata_id_97,FALSE
company_bisnode_id_100020,company_ocdata_id_98,FALSE
company_bisnode_id_44375,company_ocdata_id_99,FALSE
company_bisnode_id_36757,company_ocdata_id_100,FALSE
company_bisnode_id_69782,company_ocdata_id_101,FALSE
company_bisnode_id_312171,company_ocdata_id_102,FALSE
company_bisnode_id_179969,company_ocdata_id_103,FALSE
company_bisnode_id_15080,company_ocdata_id_104,FALSE
company_bisnode_id_65378,company_ocdata_id_105,FALSE
company_bisnode_id_51878,company_ocdata_id_106,FALSE
company_bisnode_id_212458,company_ocdata_id_107,FALSE
company_bisnode_id_272768,company_ocdata_id_108,FALSE
company_bisnode_id_80087,company_ocdata_id_109,FALSE
company_bisnode_id_105892,company_ocdata_id_110,FALSE
company_bisnode_id_186405,company_ocdata_id_111,FALSE
company_bisnode_id_81908,company_ocdata_id_112,FALSE
company_bisnode_id_111112,company_ocdata_id_113,FALSE
company_bisnode_id_225246,company_ocdata_id_114,FALSE
company_bisnode_id_41379,company_ocdata_id_115,FALSE
company_bisnode_id_200368,company_ocdata_id_116,FALSE
company_bisnode_id_65133,company_ocdata_id_117,FALSE
company_bisnode_id_39353,company_ocdata_id_118,FALSE
company_bisnode_id_227909,company_ocdata_id_119,FALSE
company_bisnode_id_265587,company_ocdata_id_120,FALSE
company_bisnode_id_214360,company_ocdata_id_121,FALSE
company_bisnode_id_122994,company_ocdata_id_122,FALSE
company_bisnode_id_51032,company_ocdata_id_123,FALSE
company_bisnode_id_293407,company_ocdata_id_124,FALSE
company_bisnode_id_303322,company_ocdata_id_125,FALSE
company_bisnode_id_77423,company_ocdata_id_126,FALSE
company_bisnode_id_163372,company_ocdata_id_127,FALSE
company_bisnode_id_184922,company_ocdata_id_128,FALSE
company_bisnode_id_89452,company_ocdata_id_129,FALSE
company_bisnode_id_168053,company_ocdata_id_130,FALSE
company_bisnode_id_59024,company_ocdata_id_131,FALSE
company_bisnode_id_128289,company_ocdata_id_132,FALSE
company_bisnode_id_171316,company_ocdata_id_133,FALSE
company_bisnode_id_107901,company_ocdata_id_134,FALSE
company_bisnode_id_42731,company_ocdata_id_135,FALSE
company_bisnode_id_31938,company_ocdata_id_136,FALSE
company_bisnode_id_90193,company_ocdata_id_137,FALSE
company_bisnode_id_108830,company_ocdata_id_138,FALSE
company_bisnode_id_247975,company_ocdata_id_139,FALSE
company_bisnode_id_222863,company_ocdata_id_140,FALSE
company_bisnode_id_11774,company_ocdata_id_141,FALSE
company_bisnode_id_99420,company_ocdata_id_142,FALSE
company_bisnode_id_21249,company_ocdata_id_143,FALSE
company_bisnode_id_300250,company_ocdata_id_144,FALSE
company_bisnode_id_102479,company_ocdata_id_145,FALSE
company_bisnode_id_310436,company_ocdata_id_146,FALSE
company_bisnode_id_89859,company_ocdata_id_147,FALSE
company_bisnode_id_254695,company_ocdata_id_148,FALSE
company_bisnode_id_95850,company_ocdata_id_149,FALSE
company_bisnode_id_287272,company_ocdata_id_150,FALSE
company_bisnode_id_199465,company_ocdata_id_151,FALSE
company_bisnode_id_302379,company_ocdata_id_152,FALSE
company_bisnode_id_264823,company_ocdata_id_153,FALSE
company_bisnode_id_152704,company_ocdata_id_154,FALSE
company_bisnode_id_305602,company_ocdata_id_155,FALSE
company_bisnode_id_66450,company_ocdata_id_156,FALSE
company_bisnode_id_104120,company_ocdata_id_157,FALSE
company_bisnode_id_255360,company_ocdata_id_158,FALSE
company_bisnode_id_233202,company_ocdata_id_159,FALSE
company_bisnode_id_48365,company_ocdata_id_160,FALSE
company_bisnode_id_154152,company_ocdata_id_161,FALSE
company_bisnode_id_191435,company_ocdata_id_162,FALSE
company_bisnode_id_227855,company_ocdata_id_163,FALSE
company_bisnode_id_239440,company_ocdata_id_164,FALSE
company_bisnode_id_148521,company_ocdata_id_165,FALSE
company_bisnode_id_278484,company_ocdata_id_166,FALSE
company_bisnode_id_195691,company_ocdata_id_167,FALSE
company_bisnode_id_152487,company_ocdata_id_168,FALSE
company_bisnode_id_232220,company_ocdata_id_169,FALSE
company_bisnode_id_39708,company_ocdata_id_170,FALSE
company_bisnode_id_264142,company_ocdata_id_171,FALSE
company_bisnode_id_265718,company_ocdata_id_172,FALSE
company_bisnode_id_284193,company_ocdata_id_173,FALSE
company_bisnode_id_204374,company_ocdata_id_174,FALSE
company_bisnode_id_187556,company_ocdata_id_175,FALSE
company_bisnode_id_189650,company_ocdata_id_176,FALSE
company_bisnode_id_162487,company_ocdata_id_177,FALSE
company_bisnode_id_185786,company_ocdata_id_178,FALSE
company_bisnode_id_208869,company_ocdata_id_179,FALSE
company_bisnode_id_2835,company_ocdata_id_180,FALSE
company_bisnode_id_44150,company_ocdata_id_181,FALSE
company_bisnode_id_308999,company_ocdata_id_182,FALSE
company_bisnode_id_196940,company_ocdata_id_183,FALSE
company_bisnode_id_30921,company_ocdata_id_184,FALSE
company_bisnode_id_71750,company_ocdata_id_185,FALSE
company_bisnode_id_238306,company_ocdata_id_186,FALSE
company_bisnode_id_308957,company_ocdata_id_187,FALSE
company_bisnode_id_112615,company_ocdata_id_188,FALSE
company_bisnode_id_293603,company_ocdata_id_189,FALSE
company_bisnode_id_222575,company_ocdata_id_190,FALSE
company_bisnode_id_182801,company_ocdata_id_191,FALSE
company_bisnode_id_100301,company_ocdata_id_192,FALSE
company_bisnode_id_147892,company_ocdata_id_193,FALSE
company_bisnode_id_42061,company_ocdata_id_194,FALSE
company_bisnode_id_194076,company_ocdata_id_195,FALSE
company_bisnode_id_60305,company_ocdata_id_196,FALSE
company_bisnode_id_282316,company_ocdata_id_197,FALSE
company_bisnode_id_136630,company_ocdata_id_198,FALSE
company_bisnode_id_48147,company_ocdata_id_199,FALSE
company_bisnode_id_239197,company_ocdata_id_200,FALSE
company_bisnode_id_32296,company_ocdata_id_201,FALSE
company_bisnode_id_301506,company_ocdata_id_202,FALSE
company_bisnode_id_191381,company_ocdata_id_203,FALSE
company_bisnode_id_139517,company_ocdata_id_204,FALSE
company_bisnode_id_9207,company_ocdata_id_205,FALSE
company_bisnode_id_28756,company_ocdata_id_206,FALSE
company_bisnode_id_142593,company_ocdata_id_207,FALSE
company_bisnode_id_99569,company_ocdata_id_208,FALSE
company_bisnode_id_88112,company_ocdata_id_209,FALSE
company_bisnode_id_72879,company_ocdata_id_210,FALSE
company_bisnode_id_173778,company_ocdata_id_211,FALSE
company_bisnode_id_294,company_ocdata_id_212,FALSE
company_bisnode_id_224607,company_ocdata_id_213,FALSE
company_bisnode_id_58757,company_ocdata_id_214,FALSE
company_bisnode_id_126582,company_ocdata_id_215,FALSE
company_bisnode_id_28719,company_ocdata_id_216,FALSE
company_bisnode_id_69221,company_ocdata_id_217,FALSE
company_bisnode_id_191214,company_ocdata_id_218,FALSE
company_bisnode_id_128767,company_ocdata_id_219,FALSE
company_bisnode_id_36922,company_ocdata_id_220,FALSE
company_bisnode_id_138572,company_ocdata_id_221,FALSE
company_bisnode_id_153505,company_ocdata_id_222,FALSE
company_bisnode_id_117587,company_ocdata_id_223,FALSE
company_bisnode_id_38649,company_ocdata_id_224,FALSE
company_bisnode_id_99946,company_ocdata_id_225,FALSE
company_bisnode_id_142941,company_ocdata_id_226,FALSE
company_bisnode_id_192196,company_ocdata_id_227,FALSE
company_bisnode_id_87913,company_ocdata_id_228,FALSE
company_bisnode_id_232168,company_ocdata_id_229,FALSE
company_bisnode_id_192578,company_ocdata_id_230,FALSE
company_bisnode_id_186089,company_ocdata_id_231,FALSE
company_bisnode_id_223096,company_ocdata_id_232,FALSE
company_bisnode_id_177463,company_ocdata_id_233,FALSE
company_bisnode_id_216311,company_ocdata_id_234,FALSE
company_bisnode_id_16504,company_ocdata_id_235,FALSE
company_bisnode_id_94722,company_ocdata_id_236,FALSE
company_bisnode_id_74266,company_ocdata_id_237,FALSE
company_bisnode_id_168315,company_ocdata_id_238,FALSE
company_bisnode_id_207746,company_ocdata_id_239,FALSE
company_bisnode_id_209049,company_ocdata_id_240,FALSE
company_bisnode_id_5782,company_ocdata_id_241,FALSE
company_bisnode_id_34801,company_ocdata_id_242,FALSE
company_bisnode_id_75521,company_ocdata_id_243,FALSE
company_bisnode_id_283508,company_ocdata_id_244,FALSE
company_bisnode_id_183426,company_ocdata_id_245,FALSE
company_bisnode_id_234257,company_ocdata_id_246,FALSE
company_bisnode_id_100207,company_ocdata_id_247,FALSE
company_bisnode_id_258116,company_ocdata_id_248,FALSE
company_bisnode_id_117214,company_ocdata_id_249,FALSE
company_bisnode_id_45334,company_ocdata_id_71527,TRUE
company_bisnode_id_516968,company_ocdata_id_3300293,FALSE
company_bisnode_id_250194,company_ocdata_id_2745084,TRUE
company_bisnode_id_13979,company_ocdata_id_3919768,TRUE
company_bisnode_id_1558958,company_ocdata_id_5301515,FALSE
company_bisnode_id_380178,company_ocdata_id_2375296,TRUE
company_bisnode_id_799703,company_ocdata_id_1328578,FALSE
company_bisnode_id_1087440,company_ocdata_id_2574774,TRUE
company_bisnode_id_727783,company_ocdata_id_908196,TRUE
company_bisnode_id_1547132,company_ocdata_id_4522232,TRUE
company_bisnode_id_246370,company_ocdata_id_3867008,TRUE
company_bisnode_id_1473516,company_ocdata_id_2772107,FALSE
company_bisnode_id_1188657,company_ocdata_id_3213581,FALSE
company_bisnode_id_438130,company_ocdata_id_330317,TRUE
company_bisnode_id_32022,company_ocdata_id_3211485,FALSE
company_bisnode_id_923186,company_ocdata_id_4588411,FALSE
company_bisnode_id_1112654,company_ocdata_id_2894239,TRUE
company_bisnode_id_1072758,company_ocdata_id_4532253,FALSE
company_bisnode_id_1208272,company_ocdata_id_933961,TRUE
company_bisnode_id_549688,company_ocdata_id_906549,TRUE
company_bisnode_id_97447,company_ocdata_id_2224387,TRUE
company_bisnode_id_316043,company_ocdata_id_3654253,FALSE
company_bisnode_id_1516547,company_ocdata_id_1886816,TRUE
company_bisnode_id_1414343,company_ocdata_id_2839639,FALSE
company_bisnode_id_286461,company_ocdata_id_3273368,TRUE
company_bisnode_id_227291,company_ocdata_id_4760854,TRUE
company_bisnode_id_375214,company_ocdata_id_3666529,FALSE
company_bisnode_id_1244468,company_ocdata_id_3843407,TRUE
company_bisnode_id_147353,company_ocdata_id_4391065,TRUE
company_bisnode_id_412338,company_ocdata_id_3132433,FALSE
company_bisnode_id_1216415,company_ocdata_id_5247186,TRUE
company_bisnode_id_824225,company_ocdata_id_1550625,TRUE
company_bisnode_id_893518,company_ocdata_id_939683,TRUE
company_bisnode_id_153159,company_ocdata_id_67150,TRUE
company_bisnode_id_554092,company_ocdata_id_130407,FALSE
company_bisnode_id_695918,company_ocdata_id_2778984,FALSE
company_bisnode_id_233764,company_ocdata_id_3517204,TRUE
company_bisnode_id_1349787,company_ocdata_id_85029,FALSE
company_bisnode_id_1293183,company_ocdata_id_621830,FALSE
company_bisnode_id_113778,company_ocdata_id_4493781,FALSE
company_bisnode_id_605453,company_ocdata_id_3326581,FALSE
company_bisnode_id_1407632,company_ocdata_id_2562654,TRUE
company_bisnode_id_211972,company_ocdata_id_3768959,TRUE
company_bisnode_id_650001,company_ocdata_id_5260164,TRUE
company_bisnode_id_807000,company_ocdata_id_2075362,FALSE
company_bisnode_id_1531593,company_ocdata_id_878248,TRUE
company_bisnode_id_1163259,company_ocdata_id_2803471,TRUE
company_bisnode_id_1070043,company_ocdata_id_2638950,TRUE
company_bisnode_id_1522914,company_ocdata_id_4312901,TRUE
company_bisnode_id_487717,company_ocdata_id_70826,FALSE
company_bisnode_id_1494704,company_ocdata_id_2202197,TRUE
company_bisnode_id_133695,company_ocdata_id_7608,TRUE
company_bisnode_id_1569109,company_ocdata_id_5268776,TRUE
company_bisnode_id_1266772,company_ocdata_id_4085398,TRUE
company_bisnode_id_159633,company_ocdata_id_4220292,FALSE
company_bisnode_id_874869,company_ocdata_id_2797604,FALSE
company_bisnode_id_1544714,company_ocdata_id_4972436,FALSE
company_bisnode_id_1482193,company_ocdata_id_5301221,FALSE
company_bisnode_id_1489257,company_ocdata_id_5108225,FALSE
company_bisnode_id_1491260,company_ocdata_id_3382370,FALSE
company_bisnode_id_118120,company_ocdata_id_3716862,TRUE
company_bisnode_id_467256,company_ocdata_id_4453747,TRUE
company_bisnode_id_239778,company_ocdata_id_5285862,TRUE
company_bisnode_id_144244,company_ocdata_id_4149224,FALSE
company_bisnode_id_458358,company_ocdata_id_1066017,TRUE
company_bisnode_id_61332,company_ocdata_id_638355,TRUE
company_bisnode_id_1434798,company_ocdata_id_5013439,TRUE
company_bisnode_id_470034,company_ocdata_id_1014672,TRUE
company_bisnode_id_463673,company_ocdata_id_4052372,FALSE
company_bisnode_id_1215703,company_ocdata_id_5111448,FALSE
company_bisnode_id_735340,company_ocdata_id_89642,FALSE
company_bisnode_id_469838,company_ocdata_id_872025,TRUE
company_bisnode_id_135078,company_ocdata_id_1108027,FALSE
company_bisnode_id_490135,company_ocdata_id_144604,TRUE
company_bisnode_id_1214142,company_ocdata_id_5303078,TRUE
company_bisnode_id_125866,company_ocdata_id_4626361,TRUE
company_bisnode_id_240229,company_ocdata_id_3413674,FALSE
company_bisnode_id_458563,company_ocdata_id_4303865,TRUE
company_bisnode_id_176158,company_ocdata_id_117940,FALSE
company_bisnode_id_393793,company_ocdata_id_5031989,FALSE
company_bisnode_id_846764,company_ocdata_id_77953,TRUE
company_bisnode_id_128153,company_ocdata_id_963172,FALSE
company_bisnode_id_309651,company_ocdata_id_4880706,TRUE
company_bisnode_id_1570612,company_ocdata_id_5284654,TRUE
company_bisnode_id_145968,company_ocdata_id_4343540,FALSE
company_bisnode_id_881178,company_ocdata_id_5264542,TRUE
company_bisnode_id_1454656,company_ocdata_id_4766822,FALSE
company_bisnode_id_1065540,company_ocdata_id_3232801,FALSE
company_bisnode_id_968119,company_ocdata_id_1774663,FALSE
company_bisnode_id_1365822,company_ocdata_id_4856698,TRUE
company_bisnode_id_779372,company_ocdata_id_2757365,TRUE
company_bisnode_id_843910,company_ocdata_id_5078765,TRUE
company_bisnode_id_482607,company_ocdata_id_1066854,TRUE
company_bisnode_id_148035,company_ocdata_id_963000,FALSE
company_bisnode_id_458167,company_ocdata_id_872304,FALSE
company_bisnode_id_913433,company_ocdata_id_1821171,FALSE
company_bisnode_id_921540,company_ocdata_id_4952291,FALSE
company_bisnode_id_1324428,company_ocdata_id_1858293,FALSE
company_bisnode_id_151297,company_ocdata_id_4265690,FALSE
company_bisnode_id_1500600,company_ocdata_id_3353778,FALSE
company_bisnode_id_256658,company_ocdata_id_925404,FALSE
company_bisnode_id_1447630,company_ocdata_id_1038066,TRUE
company_bisnode_id_198768,company_ocdata_id_5192277,FALSE
company_bisnode_id_386665,company_ocdata_id_829147,TRUE
company_bisnode_id_358192,company_ocdata_id_4323147,TRUE
company_bisnode_id_1551208,company_ocdata_id_4640985,FALSE
company_bisnode_id_394486,company_ocdata_id_2812074,FALSE
company_bisnode_id_1184438,company_ocdata_id_1956288,FALSE
company_bisnode_id_1367775,company_ocdata_id_3557566,TRUE
company_bisnode_id_1034965,company_ocdata_id_3162175,TRUE
company_bisnode_id_1521010,company_ocdata_id_1274491,TRUE
company_bisnode_id_231989,company_ocdata_id_5086384,FALSE
company_bisnode_id_1030598,company_ocdata_id_2787289,TRUE
company_bisnode_id_918309,company_ocdata_id_3019839,FALSE
company_bisnode_id_548075,company_ocdata_id_2378710,TRUE
company_bisnode_id_302452,company_ocdata_id_935776,FALSE
company_bisnode_id_110635,company_ocdata_id_3740716,FALSE
company_bisnode_id_1415127,company_ocdata_id_3461543,FALSE
company_bisnode_id_879630,company_ocdata_id_2173751,TRUE
company_bisnode_id_1022140,company_ocdata_id_965995,FALSE
company_bisnode_id_388758,company_ocdata_id_1052297,TRUE
company_bisnode_id_1409770,company_ocdata_id_1518594,FALSE
company_bisnode_id_22810,company_ocdata_id_2292615,TRUE
company_bisnode_id_436853,company_ocdata_id_424092,FALSE
company_bisnode_id_800345,company_ocdata_id_4964819,TRUE
company_bisnode_id_453549,company_ocdata_id_1284149,TRUE
company_bisnode_id_370082,company_ocdata_id_27946,FALSE
company_bisnode_id_1053673,company_ocdata_id_4680092,TRUE
company_bisnode_id_228460,company_ocdata_id_2187255,TRUE
company_bisnode_id_1170516,company_ocdata_id_2537963,TRUE
company_bisnode_id_42248,company_ocdata_id_2292,FALSE
company_bisnode_id_306629,company_ocdata_id_4088668,TRUE
company_bisnode_id_379354,company_ocdata_id_1353985,TRUE
company_bisnode_id_91551,company_ocdata_id_478875,TRUE
company_bisnode_id_688408,company_ocdata_id_399939,TRUE
company_bisnode_id_834758,company_ocdata_id_3752674,FALSE
company_bisnode_id_971755,company_ocdata_id_3673820,FALSE
company_bisnode_id_994005,company_ocdata_id_363688,FALSE
company_bisnode_id_858741,company_ocdata_id_2662903,FALSE
company_bisnode_id_622916,company_ocdata_id_4364947,FALSE
company_bisnode_id_713121,company_ocdata_id_4233996,TRUE
company_bisnode_id_918460,company_ocdata_id_2441589,TRUE
company_bisnode_id_523644,company_ocdata_id_919903,TRUE
company_bisnode_id_948995,company_ocdata_id_4557696,TRUE
company_bisnode_id_410209,company_ocdata_id_933353,TRUE
company_bisnode_id_1393024,company_ocdata_id_571308,FALSE
company_bisnode_id_1354150,company_ocdata_id_3598792,FALSE
company_bisnode_id_1025758,company_ocdata_id_1199258,FALSE
company_bisnode_id_1460857,company_ocdata_id_2592847,TRUE
company_bisnode_id_739168,company_ocdata_id_1897635,TRUE
