company_bisnode_id_1414687,company_ocdata_id_2462339,TRUE
company_bisnode_id_942193,company_ocdata_id_1614403,TRUE
company_bisnode_id_873922,company_ocdata_id_748592,TRUE
company_bisnode_id_961931,company_ocdata_id_270470,TRUE
company_bisnode_id_1219558,company_ocdata_id_1780948,TRUE
company_bisnode_id_418081,company_ocdata_id_2783907,TRUE
company_bisnode_id_267903,company_ocdata_id_2411647,TRUE
company_bisnode_id_866047,company_ocdata_id_3975587,TRUE
company_bisnode_id_920336,company_ocdata_id_2053047,TRUE
company_bisnode_id_494487,company_ocdata_id_2231991,TRUE
company_bisnode_id_334655,company_ocdata_id_3880429,TRUE
company_bisnode_id_996512,company_ocdata_id_778095,TRUE
company_bisnode_id_1180756,company_ocdata_id_3749475,TRUE
company_bisnode_id_98365,company_ocdata_id_2673619,TRUE
company_bisnode_id_210605,company_ocdata_id_3098383,TRUE
company_bisnode_id_108049,company_ocdata_id_2486595,TRUE
company_bisnode_id_1049930,company_ocdata_id_4712590,TRUE
company_bisnode_id_105078,company_ocdata_id_1937257,TRUE
company_bisnode_id_540491,company_ocdata_id_2745457,TRUE
company_bisnode_id_39828,company_ocdata_id_2616705,TRUE
company_bisnode_id_1493263,company_ocdata_id_668693,TRUE
company_bisnode_id_692522,company_ocdata_id_1286569,TRUE
company_bisnode_id_1302081,company_ocdata_id_2679850,TRUE
company_bisnode_id_500224,company_ocdata_id_1117577,TRUE
company_bisnode_id_17998,company_ocdata_id_389297,TRUE
company_bisnode_id_100753,company_ocdata_id_1489089,TRUE
company_bisnode_id_1173586,company_ocdata_id_2808288,TRUE
company_bisnode_id_939744,company_ocdata_id_2483316,TRUE
company_bisnode_id_879287,company_ocdata_id_5271619,TRUE
company_bisnode_id_689147,company_ocdata_id_3697421,TRUE
company_bisnode_id_183664,company_ocdata_id_4059832,TRUE
company_bisnode_id_1524264,company_ocdata_id_2623454,TRUE
company_bisnode_id_179315,company_ocdata_id_4156077,TRUE
company_bisnode_id_522190,company_ocdata_id_2424541,TRUE
company_bisnode_id_511837,company_ocdata_id_754824,TRUE
company_bisnode_id_68600,company_ocdata_id_2197587,TRUE
company_bisnode_id_1456909,company_ocdata_id_3711999,TRUE
company_bisnode_id_1063328,company_ocdata_id_4692792,TRUE
company_bisnode_id_872319,company_ocdata_id_676843,TRUE
company_bisnode_id_220567,company_ocdata_id_1702915,TRUE
company_bisnode_id_1327247,company_ocdata_id_3075182,TRUE
company_bisnode_id_1403109,company_ocdata_id_410777,TRUE
company_bisnode_id_855253,company_ocdata_id_2173865,TRUE
company_bisnode_id_1053471,company_ocdata_id_4333979,TRUE
company_bisnode_id_898920,company_ocdata_id_2269355,TRUE
company_bisnode_id_1138703,company_ocdata_id_2874736,TRUE
company_bisnode_id_1039310,company_ocdata_id_4320355,TRUE
company_bisnode_id_581261,company_ocdata_id_2255278,TRUE
company_bisnode_id_37551,company_ocdata_id_2848660,TRUE
company_bisnode_id_540084,company_ocdata_id_369947,TRUE
company_bisnode_id_78379,company_ocdata_id_1406344,TRUE
company_bisnode_id_449855,company_ocdata_id_947342,TRUE
company_bisnode_id_215953,company_ocdata_id_1610734,TRUE
company_bisnode_id_104200,company_ocdata_id_1390815,TRUE
company_bisnode_id_194069,company_ocdata_id_689661,TRUE
company_bisnode_id_945375,company_ocdata_id_2949634,TRUE
company_bisnode_id_505718,company_ocdata_id_722890,TRUE
company_bisnode_id_1364604,company_ocdata_id_3614873,TRUE
company_bisnode_id_811336,company_ocdata_id_266667,TRUE
company_bisnode_id_983529,company_ocdata_id_2861091,TRUE
company_bisnode_id_505733,company_ocdata_id_723016,TRUE
company_bisnode_id_302094,company_ocdata_id_1071503,TRUE
company_bisnode_id_493487,company_ocdata_id_4691428,TRUE
company_bisnode_id_779050,company_ocdata_id_2824789,TRUE
company_bisnode_id_1519373,company_ocdata_id_4585299,TRUE
company_bisnode_id_911246,company_ocdata_id_2591633,TRUE
company_bisnode_id_1203329,company_ocdata_id_1132015,TRUE
company_bisnode_id_1559105,company_ocdata_id_2748004,TRUE
company_bisnode_id_726431,company_ocdata_id_4671556,TRUE
company_bisnode_id_871855,company_ocdata_id_4912569,TRUE
company_bisnode_id_1200386,company_ocdata_id_3825407,TRUE
company_bisnode_id_1202569,company_ocdata_id_1237975,TRUE
company_bisnode_id_1468094,company_ocdata_id_1992027,TRUE
company_bisnode_id_45687,company_ocdata_id_2653810,TRUE
company_bisnode_id_1124679,company_ocdata_id_2413319,TRUE
company_bisnode_id_1563498,company_ocdata_id_756164,TRUE
company_bisnode_id_538075,company_ocdata_id_965789,TRUE
company_bisnode_id_1041719,company_ocdata_id_4308659,TRUE
company_bisnode_id_1394597,company_ocdata_id_338904,TRUE
company_bisnode_id_962519,company_ocdata_id_269403,TRUE
company_bisnode_id_987607,company_ocdata_id_2603836,TRUE
company_bisnode_id_297327,company_ocdata_id_4605607,TRUE
company_bisnode_id_1240671,company_ocdata_id_930403,TRUE
company_bisnode_id_59882,company_ocdata_id_3837545,TRUE
company_bisnode_id_864074,company_ocdata_id_2207122,TRUE
company_bisnode_id_355652,company_ocdata_id_4064802,TRUE
company_bisnode_id_231129,company_ocdata_id_906513,TRUE
company_bisnode_id_508646,company_ocdata_id_3628763,TRUE
company_bisnode_id_1238545,company_ocdata_id_2896156,TRUE
company_bisnode_id_1249468,company_ocdata_id_2156535,TRUE
company_bisnode_id_1478783,company_ocdata_id_3338940,TRUE
company_bisnode_id_50018,company_ocdata_id_698966,TRUE
company_bisnode_id_898334,company_ocdata_id_3444373,TRUE
company_bisnode_id_405891,company_ocdata_id_399706,TRUE
company_bisnode_id_615113,company_ocdata_id_4353493,TRUE
company_bisnode_id_801161,company_ocdata_id_716807,TRUE
company_bisnode_id_1309131,company_ocdata_id_2313711,TRUE
company_bisnode_id_1155220,company_ocdata_id_3235869,TRUE
company_bisnode_id_513646,company_ocdata_id_794624,TRUE
company_bisnode_id_493697,company_ocdata_id_2638378,TRUE
company_bisnode_id_204306,company_ocdata_id_2127541,TRUE
company_bisnode_id_1420318,company_ocdata_id_3657871,TRUE
company_bisnode_id_1301305,company_ocdata_id_4604424,TRUE
company_bisnode_id_109537,company_ocdata_id_609194,TRUE
company_bisnode_id_445774,company_ocdata_id_354087,TRUE
company_bisnode_id_612448,company_ocdata_id_4188230,TRUE
company_bisnode_id_452781,company_ocdata_id_480946,TRUE
company_bisnode_id_941269,company_ocdata_id_900690,TRUE
company_bisnode_id_262166,company_ocdata_id_2950999,TRUE
company_bisnode_id_198145,company_ocdata_id_2794240,TRUE
company_bisnode_id_1290935,company_ocdata_id_2525066,TRUE
company_bisnode_id_1005835,company_ocdata_id_4552397,TRUE
company_bisnode_id_393690,company_ocdata_id_4936751,TRUE
company_bisnode_id_1192263,company_ocdata_id_2192148,TRUE
company_bisnode_id_530026,company_ocdata_id_865575,TRUE
company_bisnode_id_549531,company_ocdata_id_483622,TRUE
company_bisnode_id_957581,company_ocdata_id_976298,TRUE
company_bisnode_id_428889,company_ocdata_id_2862965,TRUE
company_bisnode_id_1161374,company_ocdata_id_3699973,TRUE
company_bisnode_id_278332,company_ocdata_id_2540002,TRUE
company_bisnode_id_1451822,company_ocdata_id_357118,TRUE
company_bisnode_id_431900,company_ocdata_id_2594059,TRUE
company_bisnode_id_98937,company_ocdata_id_3338364,TRUE
company_bisnode_id_1307788,company_ocdata_id_4932543,TRUE
company_bisnode_id_202437,company_ocdata_id_2761838,TRUE
company_bisnode_id_230198,company_ocdata_id_3025569,TRUE
company_bisnode_id_733268,company_ocdata_id_2850976,TRUE
company_bisnode_id_1415728,company_ocdata_id_1053439,TRUE
company_bisnode_id_386230,company_ocdata_id_2397370,TRUE
company_bisnode_id_804746,company_ocdata_id_2976268,TRUE
company_bisnode_id_679282,company_ocdata_id_4895803,TRUE
company_bisnode_id_1326101,company_ocdata_id_1455376,TRUE
company_bisnode_id_1316545,company_ocdata_id_357035,TRUE
company_bisnode_id_1481641,company_ocdata_id_752625,TRUE
company_bisnode_id_510161,company_ocdata_id_203248,TRUE
company_bisnode_id_987169,company_ocdata_id_2694972,TRUE
company_bisnode_id_1007308,company_ocdata_id_2080190,TRUE
company_bisnode_id_231685,company_ocdata_id_2691019,TRUE
company_bisnode_id_1051162,company_ocdata_id_1228264,TRUE
company_bisnode_id_1299799,company_ocdata_id_4434187,TRUE
company_bisnode_id_1449181,company_ocdata_id_856554,TRUE
company_bisnode_id_286925,company_ocdata_id_593236,TRUE
company_bisnode_id_1243190,company_ocdata_id_1823446,TRUE
company_bisnode_id_1565101,company_ocdata_id_3424826,TRUE
company_bisnode_id_1337997,company_ocdata_id_4755063,TRUE
company_bisnode_id_1146171,company_ocdata_id_2920164,TRUE
company_bisnode_id_279635,company_ocdata_id_1497614,TRUE
company_bisnode_id_893777,company_ocdata_id_3119910,TRUE
company_bisnode_id_496806,company_ocdata_id_693463,TRUE
company_bisnode_id_1506561,company_ocdata_id_204360,TRUE
company_bisnode_id_270866,company_ocdata_id_0,FALSE
company_bisnode_id_140050,company_ocdata_id_1,FALSE
company_bisnode_id_307066,company_ocdata_id_2,FALSE
company_bisnode_id_263405,company_ocdata_id_3,FALSE
company_bisnode_id_46799,company_ocdata_id_4,FALSE
company_bisnode_id_226183,company_ocdata_id_5,FALSE
company_bisnode_id_172895,company_ocdata_id_6,FALSE
company_bisnode_id_129972,company_ocdata_id_7,FALSE
company_bisnode_id_84340,company_ocdata_id_8,FALSE
company_bisnode_id_90919,company_ocdata_id_9,FALSE
company_bisnode_id_214382,company_ocdata_id_10,FALSE
company_bisnode_id_283245,company_ocdata_id_11,FALSE
company_bisnode_id_148848,company_ocdata_id_12,FALSE
company_bisnode_id_203740,company_ocdata_id_13,FALSE
company_bisnode_id_162691,company_ocdata_id_14,FALSE
company_bisnode_id_251247,company_ocdata_id_15,FALSE
company_bisnode_id_149658,company_ocdata_id_16,FALSE
company_bisnode_id_7577,company_ocdata_id_17,FALSE
company_bisnode_id_235838,company_ocdata_id_18,FALSE
company_bisnode_id_45285,company_ocdata_id_19,FALSE
company_bisnode_id_62254,company_ocdata_id_20,FALSE
company_bisnode_id_286646,company_ocdata_id_21,FALSE
company_bisnode_id_229568,company_ocdata_id_22,FALSE
company_bisnode_id_57574,company_ocdata_id_23,FALSE
company_bisnode_id_157640,company_ocdata_id_24,FALSE
company_bisnode_id_1894,company_ocdata_id_25,FALSE
company_bisnode_id_314075,company_ocdata_id_26,FALSE
company_bisnode_id_167759,company_ocdata_id_27,FALSE
company_bisnode_id_136498,company_ocdata_id_28,FALSE
company_bisnode_id_144556,company_ocdata_id_29,FALSE
company_bisnode_id_6410,company_ocdata_id_30,FALSE
company_bisnode_id_316305,company_ocdata_id_31,FALSE
company_bisnode_id_121586,company_ocdata_id_32,FALSE
company_bisnode_id_68032,company_ocdata_id_33,FALSE
company_bisnode_id_46900,company_ocdata_id_34,FALSE
company_bisnode_id_276483,company_ocdata_id_35,FALSE
company_bisnode_id_100543,company_ocdata_id_36,FALSE
company_bisnode_id_216441,company_ocdata_id_37,FALSE
company_bisnode_id_104293,company_ocdata_id_38,FALSE
company_bisnode_id_111883,company_ocdata_id_39,FALSE
company_bisnode_id_256003,company_ocdata_id_40,FALSE
company_bisnode_id_283144,company_ocdata_id_41,FALSE
company_bisnode_id_82671,company_ocdata_id_42,FALSE
company_bisnode_id_10308,company_ocdata_id_43,FALSE
company_bisnode_id_176899,company_ocdata_id_44,FALSE
company_bisnode_id_62336,company_ocdata_id_45,FALSE
company_bisnode_id_299480,company_ocdata_id_46,FALSE
company_bisnode_id_249115,company_ocdata_id_47,FALSE
company_bisnode_id_156547,company_ocdata_id_48,FALSE
company_bisnode_id_194912,company_ocdata_id_49,FALSE
company_bisnode_id_311566,company_ocdata_id_50,FALSE
company_bisnode_id_33677,company_ocdata_id_51,FALSE
company_bisnode_id_221399,company_ocdata_id_52,FALSE
company_bisnode_id_218849,company_ocdata_id_53,FALSE
company_bisnode_id_23956,company_ocdata_id_54,FALSE
company_bisnode_id_186774,company_ocdata_id_55,FALSE
company_bisnode_id_144721,company_ocdata_id_56,FALSE
company_bisnode_id_73302,company_ocdata_id_57,FALSE
company_bisnode_id_230728,company_ocdata_id_58,FALSE
company_bisnode_id_14679,company_ocdata_id_59,FALSE
company_bisnode_id_133513,company_ocdata_id_60,FALSE
company_bisnode_id_194671,company_ocdata_id_61,FALSE
company_bisnode_id_152403,company_ocdata_id_62,FALSE
company_bisnode_id_258700,company_ocdata_id_63,FALSE
company_bisnode_id_228715,company_ocdata_id_64,FALSE
company_bisnode_id_191189,company_ocdata_id_65,FALSE
company_bisnode_id_266588,company_ocdata_id_66,FALSE
company_bisnode_id_156829,company_ocdata_id_67,FALSE
company_bisnode_id_199495,company_ocdata_id_68,FALSE
company_bisnode_id_127101,company_ocdata_id_69,FALSE
company_bisnode_id_169977,company_ocdata_id_70,FALSE
company_bisnode_id_73116,company_ocdata_id_71,FALSE
company_bisnode_id_290347,company_ocdata_id_72,FALSE
company_bisnode_id_168702,company_ocdata_id_73,FALSE
company_bisnode_id_144019,company_ocdata_id_74,FALSE
company_bisnode_id_102632,company_ocdata_id_75,FALSE
company_bisnode_id_57821,company_ocdata_id_76,FALSE
company_bisnode_id_67231,company_ocdata_id_77,FALSE
company_bisnode_id_147798,company_ocdata_id_78,FALSE
company_bisnode_id_23821,company_ocdata_id_79,FALSE
company_bisnode_id_1731,company_ocdata_id_80,FALSE
company_bisnode_id_170868,company_ocdata_id_81,FALSE
company_bisnode_id_30858,company_ocdata_id_82,FALSE
company_bisnode_id_102445,company_ocdata_id_83,FALSE
company_bisnode_id_78855,company_ocdata_id_84,FALSE
company_bisnode_id_304283,company_ocdata_id_85,FALSE
company_bisnode_id_282729,company_ocdata_id_86,FALSE
company_bisnode_id_17316,company_ocdata_id_87,FALSE
company_bisnode_id_156187,company_ocdata_id_88,FALSE
company_bisnode_id_181548,company_ocdata_id_89,FALSE
company_bisnode_id_131260,company_ocdata_id_90,FALSE
company_bisnode_id_285346,company_ocdata_id_91,FALSE
company_bisnode_id_89035,company_ocdata_id_92,FALSE
company_bisnode_id_263328,company_ocdata_id_93,FALSE
company_bisnode_id_211785,company_ocdata_id_94,FALSE
company_bisnode_id_237840,company_ocdata_id_95,FALSE
company_bisnode_id_52939,company_ocdata_id_96,FALSE
company_bisnode_id_163396,company_ocdata_id_97,FALSE
company_bisnode_id_279357,company_ocdata_id_98,FALSE
company_bisnode_id_21319,company_ocdata_id_99,FALSE
company_bisnode_id_310438,company_ocdata_id_100,FALSE
company_bisnode_id_278412,company_ocdata_id_101,FALSE
company_bisnode_id_73119,company_ocdata_id_102,FALSE
company_bisnode_id_141814,company_ocdata_id_103,FALSE
company_bisnode_id_200384,company_ocdata_id_104,FALSE
company_bisnode_id_13754,company_ocdata_id_105,FALSE
company_bisnode_id_66645,company_ocdata_id_106,FALSE
company_bisnode_id_105091,company_ocdata_id_107,FALSE
company_bisnode_id_195806,company_ocdata_id_108,FALSE
company_bisnode_id_27990,company_ocdata_id_109,FALSE
company_bisnode_id_21823,company_ocdata_id_110,FALSE
company_bisnode_id_47285,company_ocdata_id_111,FALSE
company_bisnode_id_230888,company_ocdata_id_112,FALSE
company_bisnode_id_6299,company_ocdata_id_113,FALSE
company_bisnode_id_43400,company_ocdata_id_114,FALSE
company_bisnode_id_752,company_ocdata_id_115,FALSE
company_bisnode_id_134106,company_ocdata_id_116,FALSE
company_bisnode_id_123052,company_ocdata_id_117,FALSE
company_bisnode_id_117538,company_ocdata_id_118,FALSE
company_bisnode_id_43577,company_ocdata_id_119,FALSE
company_bisnode_id_189818,company_ocdata_id_120,FALSE
company_bisnode_id_133735,company_ocdata_id_121,FALSE
company_bisnode_id_50590,company_ocdata_id_122,FALSE
company_bisnode_id_313016,company_ocdata_id_123,FALSE
company_bisnode_id_107977,company_ocdata_id_124,FALSE
company_bisnode_id_172967,company_ocdata_id_125,FALSE
company_bisnode_id_228174,company_ocdata_id_126,FALSE
company_bisnode_id_29714,company_ocdata_id_127,FALSE
company_bisnode_id_133012,company_ocdata_id_128,FALSE
company_bisnode_id_276402,company_ocdata_id_129,FALSE
company_bisnode_id_78866,company_ocdata_id_130,FALSE
company_bisnode_id_211694,company_ocdata_id_131,FALSE
company_bisnode_id_282879,company_ocdata_id_132,FALSE
company_bisnode_id_139627,company_ocdata_id_133,FALSE
company_bisnode_id_173940,company_ocdata_id_134,FALSE
company_bisnode_id_27820,company_ocdata_id_135,FALSE
company_bisnode_id_101612,company_ocdata_id_136,FALSE
company_bisnode_id_141902,company_ocdata_id_137,FALSE
company_bisnode_id_126593,company_ocdata_id_138,FALSE
company_bisnode_id_268126,company_ocdata_id_139,FALSE
company_bisnode_id_71969,company_ocdata_id_140,FALSE
company_bisnode_id_118921,company_ocdata_id_141,FALSE
company_bisnode_id_274993,company_ocdata_id_142,FALSE
company_bisnode_id_208695,company_ocdata_id_143,FALSE
company_bisnode_id_147231,company_ocdata_id_144,FALSE
company_bisnode_id_260412,company_ocdata_id_145,FALSE
company_bisnode_id_81913,company_ocdata_id_146,FALSE
company_bisnode_id_106407,company_ocdata_id_147,FALSE
company_bisnode_id_18491,company_ocdata_id_148,FALSE
company_bisnode_id_95689,company_ocdata_id_149,FALSE
company_bisnode_id_273289,company_ocdata_id_150,FALSE
company_bisnode_id_44359,company_ocdata_id_151,FALSE
company_bisnode_id_42310,company_ocdata_id_152,FALSE
company_bisnode_id_170599,company_ocdata_id_153,FALSE
company_bisnode_id_290329,company_ocdata_id_154,FALSE
company_bisnode_id_40946,company_ocdata_id_155,FALSE
company_bisnode_id_125581,company_ocdata_id_156,FALSE
company_bisnode_id_57055,company_ocdata_id_157,FALSE
company_bisnode_id_82896,company_ocdata_id_158,FALSE
company_bisnode_id_166507,company_ocdata_id_159,FALSE
company_bisnode_id_221930,company_ocdata_id_160,FALSE
company_bisnode_id_13281,company_ocdata_id_161,FALSE
company_bisnode_id_191255,company_ocdata_id_162,FALSE
company_bisnode_id_170428,company_ocdata_id_163,FALSE
company_bisnode_id_77861,company_ocdata_id_164,FALSE
company_bisnode_id_145045,company_ocdata_id_165,FALSE
company_bisnode_id_157592,company_ocdata_id_166,FALSE
company_bisnode_id_121162,company_ocdata_id_167,FALSE
company_bisnode_id_33242,company_ocdata_id_168,FALSE
company_bisnode_id_207916,company_ocdata_id_169,FALSE
company_bisnode_id_216519,company_ocdata_id_170,FALSE
company_bisnode_id_162282,company_ocdata_id_171,FALSE
company_bisnode_id_115494,company_ocdata_id_172,FALSE
company_bisnode_id_86060,company_ocdata_id_173,FALSE
company_bisnode_id_42194,company_ocdata_id_174,FALSE
company_bisnode_id_181072,company_ocdata_id_175,FALSE
company_bisnode_id_29202,company_ocdata_id_176,FALSE
company_bisnode_id_211844,company_ocdata_id_177,FALSE
company_bisnode_id_293461,company_ocdata_id_178,FALSE
company_bisnode_id_149464,company_ocdata_id_179,FALSE
company_bisnode_id_224863,company_ocdata_id_180,FALSE
company_bisnode_id_164419,company_ocdata_id_181,FALSE
company_bisnode_id_262756,company_ocdata_id_182,FALSE
company_bisnode_id_24888,company_ocdata_id_183,FALSE
company_bisnode_id_309224,company_ocdata_id_184,FALSE
company_bisnode_id_57484,company_ocdata_id_185,FALSE
company_bisnode_id_43027,company_ocdata_id_186,FALSE
company_bisnode_id_261503,company_ocdata_id_187,FALSE
company_bisnode_id_102847,company_ocdata_id_188,FALSE
company_bisnode_id_286536,company_ocdata_id_189,FALSE
company_bisnode_id_290515,company_ocdata_id_190,FALSE
company_bisnode_id_264956,company_ocdata_id_191,FALSE
company_bisnode_id_293332,company_ocdata_id_192,FALSE
company_bisnode_id_149680,company_ocdata_id_193,FALSE
company_bisnode_id_256682,company_ocdata_id_194,FALSE
company_bisnode_id_44250,company_ocdata_id_195,FALSE
company_bisnode_id_59012,company_ocdata_id_196,FALSE
company_bisnode_id_30614,company_ocdata_id_197,FALSE
company_bisnode_id_300459,company_ocdata_id_198,FALSE
company_bisnode_id_295602,company_ocdata_id_199,FALSE
company_bisnode_id_266414,company_ocdata_id_200,FALSE
company_bisnode_id_159174,company_ocdata_id_201,FALSE
company_bisnode_id_201136,company_ocdata_id_202,FALSE
company_bisnode_id_71414,company_ocdata_id_203,FALSE
company_bisnode_id_170868,company_ocdata_id_204,FALSE
company_bisnode_id_123319,company_ocdata_id_205,FALSE
company_bisnode_id_190778,company_ocdata_id_206,FALSE
company_bisnode_id_96464,company_ocdata_id_207,FALSE
company_bisnode_id_33167,company_ocdata_id_208,FALSE
company_bisnode_id_54010,company_ocdata_id_209,FALSE
company_bisnode_id_128464,company_ocdata_id_210,FALSE
company_bisnode_id_18341,company_ocdata_id_211,FALSE
company_bisnode_id_78548,company_ocdata_id_212,FALSE
company_bisnode_id_197063,company_ocdata_id_213,FALSE
company_bisnode_id_49666,company_ocdata_id_214,FALSE
company_bisnode_id_85137,company_ocdata_id_215,FALSE
company_bisnode_id_204978,company_ocdata_id_216,FALSE
company_bisnode_id_59855,company_ocdata_id_217,FALSE
company_bisnode_id_120936,company_ocdata_id_218,FALSE
company_bisnode_id_288021,company_ocdata_id_219,FALSE
company_bisnode_id_142051,company_ocdata_id_220,FALSE
company_bisnode_id_275015,company_ocdata_id_221,FALSE
company_bisnode_id_192661,company_ocdata_id_222,FALSE
company_bisnode_id_31857,company_ocdata_id_223,FALSE
company_bisnode_id_71210,company_ocdata_id_224,FALSE
company_bisnode_id_133795,company_ocdata_id_225,FALSE
company_bisnode_id_288155,company_ocdata_id_226,FALSE
company_bisnode_id_50435,company_ocdata_id_227,FALSE
company_bisnode_id_29595,company_ocdata_id_228,FALSE
company_bisnode_id_85267,company_ocdata_id_229,FALSE
company_bisnode_id_57232,company_ocdata_id_230,FALSE
company_bisnode_id_287745,company_ocdata_id_231,FALSE
company_bisnode_id_149620,company_ocdata_id_232,FALSE
company_bisnode_id_125813,company_ocdata_id_233,FALSE
company_bisnode_id_143171,company_ocdata_id_234,FALSE
company_bisnode_id_38031,company_ocdata_id_235,FALSE
company_bisnode_id_1150,company_ocdata_id_236,FALSE
company_bisnode_id_6305,company_ocdata_id_237,FALSE
company_bisnode_id_312751,company_ocdata_id_238,FALSE
company_bisnode_id_155189,company_ocdata_id_239,FALSE
company_bisnode_id_223808,company_ocdata_id_240,FALSE
company_bisnode_id_116625,company_ocdata_id_241,FALSE
company_bisnode_id_115567,company_ocdata_id_242,FALSE
company_bisnode_id_28181,company_ocdata_id_243,FALSE
company_bisnode_id_149384,company_ocdata_id_244,FALSE
company_bisnode_id_278642,company_ocdata_id_245,FALSE
company_bisnode_id_165996,company_ocdata_id_246,FALSE
company_bisnode_id_64217,company_ocdata_id_247,FALSE
company_bisnode_id_50452,company_ocdata_id_248,FALSE
company_bisnode_id_123740,company_ocdata_id_249,FALSE
company_bisnode_id_188152,company_ocdata_id_250,FALSE
company_bisnode_id_268478,company_ocdata_id_251,FALSE
company_bisnode_id_1322,company_ocdata_id_252,FALSE
company_bisnode_id_252735,company_ocdata_id_253,FALSE
company_bisnode_id_255928,company_ocdata_id_254,FALSE
company_bisnode_id_246829,company_ocdata_id_255,FALSE
company_bisnode_id_275216,company_ocdata_id_256,FALSE
company_bisnode_id_68512,company_ocdata_id_257,FALSE
company_bisnode_id_141910,company_ocdata_id_258,FALSE
company_bisnode_id_291567,company_ocdata_id_259,FALSE
company_bisnode_id_1549774,company_ocdata_id_3299205,TRUE
company_bisnode_id_493859,company_ocdata_id_1426554,TRUE
company_bisnode_id_1041139,company_ocdata_id_4951020,TRUE
company_bisnode_id_767827,company_ocdata_id_5203642,TRUE
company_bisnode_id_120110,company_ocdata_id_4388434,FALSE
company_bisnode_id_504527,company_ocdata_id_2200818,TRUE
company_bisnode_id_1306683,company_ocdata_id_111842,FALSE
company_bisnode_id_923623,company_ocdata_id_4598807,TRUE
company_bisnode_id_1020481,company_ocdata_id_3601059,FALSE
company_bisnode_id_396219,company_ocdata_id_102006,TRUE
company_bisnode_id_1261804,company_ocdata_id_928702,TRUE
company_bisnode_id_153424,company_ocdata_id_4348016,FALSE
company_bisnode_id_1532413,company_ocdata_id_4164639,FALSE
company_bisnode_id_1533715,company_ocdata_id_2811467,TRUE
company_bisnode_id_12268,company_ocdata_id_2401289,FALSE
company_bisnode_id_1463312,company_ocdata_id_3220288,FALSE
company_bisnode_id_540003,company_ocdata_id_2275275,TRUE
company_bisnode_id_474652,company_ocdata_id_1014656,FALSE
company_bisnode_id_537553,company_ocdata_id_876693,TRUE
company_bisnode_id_742269,company_ocdata_id_4571297,FALSE
company_bisnode_id_649388,company_ocdata_id_4494845,TRUE
company_bisnode_id_874256,company_ocdata_id_1012187,FALSE
company_bisnode_id_1555871,company_ocdata_id_2806485,TRUE
company_bisnode_id_469551,company_ocdata_id_3975750,TRUE
company_bisnode_id_1489769,company_ocdata_id_4623040,TRUE
company_bisnode_id_543646,company_ocdata_id_5112686,TRUE
company_bisnode_id_1493519,company_ocdata_id_80649,FALSE
company_bisnode_id_159388,company_ocdata_id_3344721,TRUE
company_bisnode_id_1213455,company_ocdata_id_3209010,TRUE
company_bisnode_id_1491379,company_ocdata_id_5015998,TRUE
company_bisnode_id_544107,company_ocdata_id_5166153,TRUE
company_bisnode_id_460285,company_ocdata_id_5157785,FALSE
company_bisnode_id_240542,company_ocdata_id_3573235,FALSE
company_bisnode_id_968784,company_ocdata_id_2802434,TRUE
company_bisnode_id_1103624,company_ocdata_id_2264892,FALSE
company_bisnode_id_1157349,company_ocdata_id_3427670,TRUE
company_bisnode_id_169562,company_ocdata_id_3042099,TRUE
company_bisnode_id_309353,company_ocdata_id_4222420,FALSE
company_bisnode_id_471774,company_ocdata_id_5000298,TRUE
company_bisnode_id_793643,company_ocdata_id_1920312,FALSE
company_bisnode_id_1211404,company_ocdata_id_870321,FALSE
company_bisnode_id_1267017,company_ocdata_id_4112169,FALSE
company_bisnode_id_734738,company_ocdata_id_3610065,FALSE
company_bisnode_id_1349699,company_ocdata_id_137693,FALSE
company_bisnode_id_640135,company_ocdata_id_5019437,TRUE
company_bisnode_id_473058,company_ocdata_id_1014639,FALSE
company_bisnode_id_236395,company_ocdata_id_7632,TRUE
company_bisnode_id_142562,company_ocdata_id_1108289,FALSE
company_bisnode_id_1003574,company_ocdata_id_881879,FALSE
company_bisnode_id_165286,company_ocdata_id_4671049,TRUE
company_bisnode_id_1211362,company_ocdata_id_4249848,FALSE
company_bisnode_id_805419,company_ocdata_id_98436,TRUE
company_bisnode_id_1069270,company_ocdata_id_1328464,TRUE
company_bisnode_id_225168,company_ocdata_id_2206237,FALSE
company_bisnode_id_148051,company_ocdata_id_5147512,FALSE
company_bisnode_id_215996,company_ocdata_id_5258244,FALSE
company_bisnode_id_134621,company_ocdata_id_4344458,FALSE
company_bisnode_id_505430,company_ocdata_id_2840764,TRUE
company_bisnode_id_238255,company_ocdata_id_3124956,TRUE
company_bisnode_id_376843,company_ocdata_id_4978729,FALSE
company_bisnode_id_1291703,company_ocdata_id_3930570,FALSE
company_bisnode_id_346453,company_ocdata_id_2204196,TRUE
company_bisnode_id_877792,company_ocdata_id_1472604,TRUE
company_bisnode_id_1246871,company_ocdata_id_3840472,TRUE
company_bisnode_id_1123697,company_ocdata_id_1217324,FALSE
company_bisnode_id_1416503,company_ocdata_id_2275206,FALSE
company_bisnode_id_718720,company_ocdata_id_4988010,TRUE
company_bisnode_id_844495,company_ocdata_id_2953064,FALSE
company_bisnode_id_663169,company_ocdata_id_899718,FALSE
company_bisnode_id_814145,company_ocdata_id_2908669,TRUE
company_bisnode_id_188265,company_ocdata_id_261945,FALSE
company_bisnode_id_1179502,company_ocdata_id_229760,FALSE
company_bisnode_id_744662,company_ocdata_id_462882,FALSE
company_bisnode_id_798414,company_ocdata_id_2483694,FALSE
company_bisnode_id_46048,company_ocdata_id_1453038,FALSE
company_bisnode_id_341935,company_ocdata_id_3432894,FALSE
company_bisnode_id_609927,company_ocdata_id_5128640,FALSE
company_bisnode_id_40485,company_ocdata_id_957441,FALSE
company_bisnode_id_528579,company_ocdata_id_1046489,TRUE
company_bisnode_id_1044053,company_ocdata_id_963657,FALSE
company_bisnode_id_615757,company_ocdata_id_2333559,TRUE
company_bisnode_id_291885,company_ocdata_id_5139890,FALSE
company_bisnode_id_281343,company_ocdata_id_5234508,TRUE
company_bisnode_id_836967,company_ocdata_id_3570115,FALSE
company_bisnode_id_615392,company_ocdata_id_41396,FALSE
company_bisnode_id_1473183,company_ocdata_id_235744,FALSE
company_bisnode_id_851812,company_ocdata_id_964237,FALSE
company_bisnode_id_1521473,company_ocdata_id_266651,TRUE
company_bisnode_id_494447,company_ocdata_id_2818225,TRUE
company_bisnode_id_522731,company_ocdata_id_2162411,FALSE
