company_gleif_id_121059,company_bisnode_id_433272,TRUE
company_gleif_id_44085,company_bisnode_id_324605,TRUE
company_gleif_id_115094,company_bisnode_id_523687,TRUE
company_gleif_id_125060,company_bisnode_id_210014,TRUE
company_gleif_id_120661,company_bisnode_id_627368,TRUE
company_gleif_id_142991,company_bisnode_id_594370,TRUE
company_gleif_id_126911,company_bisnode_id_68838,TRUE
company_gleif_id_140293,company_bisnode_id_325234,TRUE
company_gleif_id_73112,company_bisnode_id_67971,TRUE
company_gleif_id_102814,company_bisnode_id_601501,TRUE
company_gleif_id_102477,company_bisnode_id_1235394,TRUE
company_gleif_id_57891,company_bisnode_id_1555524,TRUE
company_gleif_id_102695,company_bisnode_id_853885,TRUE
company_gleif_id_60315,company_bisnode_id_617022,TRUE
company_gleif_id_83085,company_bisnode_id_764827,TRUE
company_gleif_id_123971,company_bisnode_id_644607,TRUE
company_gleif_id_100152,company_bisnode_id_330149,TRUE
company_gleif_id_128814,company_bisnode_id_1560995,TRUE
company_gleif_id_4198,company_bisnode_id_609959,TRUE
company_gleif_id_106872,company_bisnode_id_896870,TRUE
company_gleif_id_55930,company_bisnode_id_615313,TRUE
company_gleif_id_9887,company_bisnode_id_1392779,TRUE
company_gleif_id_125636,company_bisnode_id_596008,TRUE
company_gleif_id_45846,company_bisnode_id_722834,TRUE
company_gleif_id_42456,company_bisnode_id_39848,TRUE
company_gleif_id_117923,company_bisnode_id_40440,TRUE
company_gleif_id_124559,company_bisnode_id_1328752,TRUE
company_gleif_id_22374,company_bisnode_id_896291,TRUE
company_gleif_id_95419,company_bisnode_id_635842,TRUE
company_gleif_id_134310,company_bisnode_id_424987,TRUE
company_gleif_id_55578,company_bisnode_id_960235,TRUE
company_gleif_id_87326,company_bisnode_id_430649,TRUE
company_gleif_id_4669,company_bisnode_id_621577,TRUE
company_gleif_id_90853,company_bisnode_id_1526752,TRUE
company_gleif_id_66158,company_bisnode_id_929866,TRUE
company_gleif_id_93949,company_bisnode_id_1554041,TRUE
company_gleif_id_34443,company_bisnode_id_601060,TRUE
company_gleif_id_101070,company_bisnode_id_282941,TRUE
company_gleif_id_120076,company_bisnode_id_182748,TRUE
company_gleif_id_52532,company_bisnode_id_434605,TRUE
company_gleif_id_28166,company_bisnode_id_629070,TRUE
company_gleif_id_46715,company_bisnode_id_328355,TRUE
company_gleif_id_143202,company_bisnode_id_1331797,TRUE
company_gleif_id_82606,company_bisnode_id_965459,TRUE
company_gleif_id_48018,company_bisnode_id_339966,TRUE
company_gleif_id_116061,company_bisnode_id_646006,TRUE
company_gleif_id_33542,company_bisnode_id_1384670,TRUE
company_gleif_id_97484,company_bisnode_id_1492520,TRUE
company_gleif_id_58949,company_bisnode_id_427642,TRUE
company_gleif_id_140807,company_bisnode_id_508179,TRUE
company_gleif_id_35783,company_bisnode_id_328876,TRUE
company_gleif_id_3911,company_bisnode_id_1555065,TRUE
company_gleif_id_142095,company_bisnode_id_634640,TRUE
company_gleif_id_56001,company_bisnode_id_608980,TRUE
company_gleif_id_70624,company_bisnode_id_340977,TRUE
company_gleif_id_68441,company_bisnode_id_1402487,TRUE
company_gleif_id_105139,company_bisnode_id_625802,TRUE
company_gleif_id_126201,company_bisnode_id_237614,TRUE
company_gleif_id_32645,company_bisnode_id_327582,TRUE
company_gleif_id_70109,company_bisnode_id_1276173,TRUE
company_gleif_id_102430,company_bisnode_id_180831,TRUE
company_gleif_id_58599,company_bisnode_id_179214,TRUE
company_gleif_id_71559,company_bisnode_id_336457,TRUE
company_gleif_id_84384,company_bisnode_id_607822,TRUE
company_gleif_id_10111,company_bisnode_id_435405,TRUE
company_gleif_id_24576,company_bisnode_id_1403954,TRUE
company_gleif_id_89554,company_bisnode_id_601948,TRUE
company_gleif_id_42897,company_bisnode_id_1401587,TRUE
company_gleif_id_60833,company_bisnode_id_1403522,TRUE
company_gleif_id_136423,company_bisnode_id_229475,TRUE
company_gleif_id_48673,company_bisnode_id_1393371,TRUE
company_gleif_id_35566,company_bisnode_id_757363,TRUE
company_gleif_id_1074,company_bisnode_id_596269,TRUE
company_gleif_id_122728,company_bisnode_id_49862,TRUE
company_gleif_id_134072,company_bisnode_id_642110,TRUE
company_gleif_id_80206,company_bisnode_id_640426,TRUE
company_gleif_id_94179,company_bisnode_id_1443582,TRUE
company_gleif_id_139045,company_bisnode_id_216036,TRUE
company_gleif_id_58695,company_bisnode_id_610186,TRUE
company_gleif_id_86420,company_bisnode_id_894848,TRUE
company_gleif_id_81878,company_bisnode_id_338355,TRUE
company_gleif_id_76611,company_bisnode_id_757447,TRUE
company_gleif_id_17141,company_bisnode_id_29655,TRUE
company_gleif_id_25953,company_bisnode_id_814183,TRUE
company_gleif_id_99693,company_bisnode_id_425876,TRUE
company_gleif_id_119896,company_bisnode_id_619400,TRUE
company_gleif_id_82807,company_bisnode_id_625273,TRUE
company_gleif_id_43719,company_bisnode_id_1388449,TRUE
company_gleif_id_38659,company_bisnode_id_213548,TRUE
company_gleif_id_61539,company_bisnode_id_597375,TRUE
company_gleif_id_143471,company_bisnode_id_335707,TRUE
company_gleif_id_92429,company_bisnode_id_757675,TRUE
company_gleif_id_141553,company_bisnode_id_279146,TRUE
company_gleif_id_79067,company_bisnode_id_1184018,TRUE
company_gleif_id_14150,company_bisnode_id_871123,TRUE
company_gleif_id_104508,company_bisnode_id_599473,TRUE
company_gleif_id_21803,company_bisnode_id_1396340,TRUE
company_gleif_id_52020,company_bisnode_id_952946,TRUE
company_gleif_id_102292,company_bisnode_id_953032,TRUE
company_gleif_id_127307,company_bisnode_id_323338,TRUE
company_gleif_id_15373,company_bisnode_id_630236,TRUE
company_gleif_id_17303,company_bisnode_id_1375237,TRUE
company_gleif_id_90639,company_bisnode_id_929844,TRUE
company_gleif_id_12323,company_bisnode_id_427614,TRUE
company_gleif_id_85158,company_bisnode_id_630632,TRUE
company_gleif_id_80755,company_bisnode_id_1184540,TRUE
company_gleif_id_86587,company_bisnode_id_1276716,TRUE
company_gleif_id_116986,company_bisnode_id_896905,TRUE
company_gleif_id_62839,company_bisnode_id_783522,TRUE
company_gleif_id_30057,company_bisnode_id_1333036,TRUE
company_gleif_id_82116,company_bisnode_id_335074,TRUE
company_gleif_id_101281,company_bisnode_id_603254,TRUE
company_gleif_id_32578,company_bisnode_id_1393570,TRUE
company_gleif_id_94915,company_bisnode_id_337370,TRUE
company_gleif_id_145291,company_bisnode_id_50544,TRUE
company_gleif_id_3760,company_bisnode_id_602385,TRUE
company_gleif_id_99749,company_bisnode_id_581406,TRUE
company_gleif_id_119523,company_bisnode_id_208636,TRUE
company_gleif_id_3950,company_bisnode_id_1404367,TRUE
company_gleif_id_32547,company_bisnode_id_1524157,TRUE
company_gleif_id_71617,company_bisnode_id_644420,TRUE
company_gleif_id_108095,company_bisnode_id_714207,TRUE
company_gleif_id_8127,company_bisnode_id_929883,TRUE
company_gleif_id_137966,company_bisnode_id_1237156,TRUE
company_gleif_id_70139,company_bisnode_id_645076,TRUE
company_gleif_id_81248,company_bisnode_id_714092,TRUE
company_gleif_id_55990,company_bisnode_id_632890,TRUE
company_gleif_id_42385,company_bisnode_id_595815,TRUE
company_gleif_id_48775,company_bisnode_id_179023,TRUE
company_gleif_id_99408,company_bisnode_id_431530,TRUE
company_gleif_id_135783,company_bisnode_id_600746,TRUE
company_gleif_id_107597,company_bisnode_id_599810,TRUE
company_gleif_id_76885,company_bisnode_id_960410,TRUE
company_gleif_id_65919,company_bisnode_id_596858,TRUE
company_gleif_id_83055,company_bisnode_id_1560455,TRUE
company_gleif_id_108435,company_bisnode_id_651238,TRUE
company_gleif_id_79995,company_bisnode_id_647507,TRUE
company_gleif_id_80961,company_bisnode_id_1526631,TRUE
company_gleif_id_62988,company_bisnode_id_714712,TRUE
company_gleif_id_141010,company_bisnode_id_612813,TRUE
company_gleif_id_97386,company_bisnode_id_643393,TRUE
company_gleif_id_112884,company_bisnode_id_957689,TRUE
company_gleif_id_19233,company_bisnode_id_333728,TRUE
company_gleif_id_67221,company_bisnode_id_582196,TRUE
company_gleif_id_39174,company_bisnode_id_650686,TRUE
company_gleif_id_76588,company_bisnode_id_647306,TRUE
company_gleif_id_112590,company_bisnode_id_647907,TRUE
company_gleif_id_148460,company_bisnode_id_599612,TRUE
company_gleif_id_100333,company_bisnode_id_101254,TRUE
company_gleif_id_107035,company_bisnode_id_1384331,TRUE
company_gleif_id_0,company_bisnode_id_292404,FALSE
company_gleif_id_1,company_bisnode_id_292119,FALSE
company_gleif_id_2,company_bisnode_id_7649,FALSE
company_gleif_id_3,company_bisnode_id_44800,FALSE
company_gleif_id_4,company_bisnode_id_103442,FALSE
company_gleif_id_5,company_bisnode_id_139867,FALSE
company_gleif_id_6,company_bisnode_id_260987,FALSE
company_gleif_id_7,company_bisnode_id_72263,FALSE
company_gleif_id_8,company_bisnode_id_136901,FALSE
company_gleif_id_9,company_bisnode_id_6119,FALSE
company_gleif_id_10,company_bisnode_id_130212,FALSE
company_gleif_id_11,company_bisnode_id_120971,FALSE
company_gleif_id_12,company_bisnode_id_285133,FALSE
company_gleif_id_13,company_bisnode_id_316798,FALSE
company_gleif_id_14,company_bisnode_id_104025,FALSE
company_gleif_id_15,company_bisnode_id_63961,FALSE
company_gleif_id_16,company_bisnode_id_197297,FALSE
company_gleif_id_17,company_bisnode_id_315586,FALSE
company_gleif_id_18,company_bisnode_id_249798,FALSE
company_gleif_id_19,company_bisnode_id_9233,FALSE
company_gleif_id_20,company_bisnode_id_309395,FALSE
company_gleif_id_21,company_bisnode_id_80934,FALSE
company_gleif_id_22,company_bisnode_id_1573,FALSE
company_gleif_id_23,company_bisnode_id_188167,FALSE
company_gleif_id_24,company_bisnode_id_155335,FALSE
company_gleif_id_25,company_bisnode_id_177292,FALSE
company_gleif_id_26,company_bisnode_id_238460,FALSE
company_gleif_id_27,company_bisnode_id_202595,FALSE
company_gleif_id_28,company_bisnode_id_119751,FALSE
company_gleif_id_29,company_bisnode_id_22844,FALSE
company_gleif_id_30,company_bisnode_id_131868,FALSE
company_gleif_id_31,company_bisnode_id_69660,FALSE
company_gleif_id_32,company_bisnode_id_281895,FALSE
company_gleif_id_33,company_bisnode_id_94696,FALSE
company_gleif_id_34,company_bisnode_id_246111,FALSE
company_gleif_id_35,company_bisnode_id_86329,FALSE
company_gleif_id_36,company_bisnode_id_287741,FALSE
company_gleif_id_37,company_bisnode_id_99463,FALSE
company_gleif_id_38,company_bisnode_id_203961,FALSE
company_gleif_id_39,company_bisnode_id_72507,FALSE
company_gleif_id_40,company_bisnode_id_15235,FALSE
company_gleif_id_41,company_bisnode_id_235608,FALSE
company_gleif_id_42,company_bisnode_id_171914,FALSE
company_gleif_id_43,company_bisnode_id_85807,FALSE
company_gleif_id_44,company_bisnode_id_94603,FALSE
company_gleif_id_45,company_bisnode_id_31522,FALSE
company_gleif_id_46,company_bisnode_id_52303,FALSE
company_gleif_id_47,company_bisnode_id_285732,FALSE
company_gleif_id_48,company_bisnode_id_249731,FALSE
company_gleif_id_49,company_bisnode_id_179707,FALSE
company_gleif_id_50,company_bisnode_id_92239,FALSE
company_gleif_id_51,company_bisnode_id_252605,FALSE
company_gleif_id_52,company_bisnode_id_230566,FALSE
company_gleif_id_53,company_bisnode_id_223746,FALSE
company_gleif_id_54,company_bisnode_id_275309,FALSE
company_gleif_id_55,company_bisnode_id_312215,FALSE
company_gleif_id_56,company_bisnode_id_82199,FALSE
company_gleif_id_57,company_bisnode_id_135023,FALSE
company_gleif_id_58,company_bisnode_id_316064,FALSE
company_gleif_id_59,company_bisnode_id_106399,FALSE
company_gleif_id_60,company_bisnode_id_186553,FALSE
company_gleif_id_61,company_bisnode_id_274672,FALSE
company_gleif_id_62,company_bisnode_id_101627,FALSE
company_gleif_id_63,company_bisnode_id_166780,FALSE
company_gleif_id_64,company_bisnode_id_277718,FALSE
company_gleif_id_65,company_bisnode_id_99691,FALSE
company_gleif_id_66,company_bisnode_id_124511,FALSE
company_gleif_id_67,company_bisnode_id_301425,FALSE
company_gleif_id_68,company_bisnode_id_315203,FALSE
company_gleif_id_69,company_bisnode_id_11939,FALSE
company_gleif_id_70,company_bisnode_id_244649,FALSE
company_gleif_id_71,company_bisnode_id_148153,FALSE
company_gleif_id_72,company_bisnode_id_201754,FALSE
company_gleif_id_73,company_bisnode_id_172948,FALSE
company_gleif_id_74,company_bisnode_id_69596,FALSE
company_gleif_id_75,company_bisnode_id_150800,FALSE
company_gleif_id_76,company_bisnode_id_315239,FALSE
company_gleif_id_77,company_bisnode_id_251166,FALSE
company_gleif_id_78,company_bisnode_id_19871,FALSE
company_gleif_id_79,company_bisnode_id_18065,FALSE
company_gleif_id_80,company_bisnode_id_284683,FALSE
company_gleif_id_81,company_bisnode_id_85431,FALSE
company_gleif_id_82,company_bisnode_id_152287,FALSE
company_gleif_id_83,company_bisnode_id_117021,FALSE
company_gleif_id_84,company_bisnode_id_223210,FALSE
company_gleif_id_85,company_bisnode_id_9850,FALSE
company_gleif_id_86,company_bisnode_id_194051,FALSE
company_gleif_id_87,company_bisnode_id_172623,FALSE
company_gleif_id_88,company_bisnode_id_54715,FALSE
company_gleif_id_89,company_bisnode_id_301000,FALSE
company_gleif_id_90,company_bisnode_id_271308,FALSE
company_gleif_id_91,company_bisnode_id_208260,FALSE
company_gleif_id_92,company_bisnode_id_181821,FALSE
company_gleif_id_93,company_bisnode_id_4799,FALSE
company_gleif_id_94,company_bisnode_id_189656,FALSE
company_gleif_id_95,company_bisnode_id_227489,FALSE
company_gleif_id_96,company_bisnode_id_180544,FALSE
company_gleif_id_97,company_bisnode_id_226488,FALSE
company_gleif_id_98,company_bisnode_id_8007,FALSE
company_gleif_id_99,company_bisnode_id_84058,FALSE
company_gleif_id_100,company_bisnode_id_169300,FALSE
company_gleif_id_101,company_bisnode_id_263465,FALSE
company_gleif_id_102,company_bisnode_id_187829,FALSE
company_gleif_id_103,company_bisnode_id_229919,FALSE
company_gleif_id_104,company_bisnode_id_59951,FALSE
company_gleif_id_105,company_bisnode_id_271724,FALSE
company_gleif_id_106,company_bisnode_id_249241,FALSE
company_gleif_id_107,company_bisnode_id_71630,FALSE
company_gleif_id_108,company_bisnode_id_270904,FALSE
company_gleif_id_109,company_bisnode_id_23647,FALSE
company_gleif_id_110,company_bisnode_id_105407,FALSE
company_gleif_id_111,company_bisnode_id_11357,FALSE
company_gleif_id_112,company_bisnode_id_4297,FALSE
company_gleif_id_113,company_bisnode_id_259816,FALSE
company_gleif_id_114,company_bisnode_id_109709,FALSE
company_gleif_id_115,company_bisnode_id_96925,FALSE
company_gleif_id_116,company_bisnode_id_194803,FALSE
company_gleif_id_117,company_bisnode_id_156164,FALSE
company_gleif_id_118,company_bisnode_id_59179,FALSE
company_gleif_id_119,company_bisnode_id_114614,FALSE
company_gleif_id_120,company_bisnode_id_86384,FALSE
company_gleif_id_121,company_bisnode_id_92107,FALSE
company_gleif_id_122,company_bisnode_id_161440,FALSE
company_gleif_id_123,company_bisnode_id_283284,FALSE
company_gleif_id_124,company_bisnode_id_28270,FALSE
company_gleif_id_125,company_bisnode_id_229886,FALSE
company_gleif_id_126,company_bisnode_id_196178,FALSE
company_gleif_id_127,company_bisnode_id_230374,FALSE
company_gleif_id_128,company_bisnode_id_100454,FALSE
company_gleif_id_129,company_bisnode_id_286009,FALSE
company_gleif_id_130,company_bisnode_id_212051,FALSE
company_gleif_id_131,company_bisnode_id_133731,FALSE
company_gleif_id_132,company_bisnode_id_91019,FALSE
company_gleif_id_133,company_bisnode_id_51708,FALSE
company_gleif_id_134,company_bisnode_id_7416,FALSE
company_gleif_id_135,company_bisnode_id_311049,FALSE
company_gleif_id_136,company_bisnode_id_169195,FALSE
company_gleif_id_137,company_bisnode_id_184592,FALSE
company_gleif_id_138,company_bisnode_id_30250,FALSE
company_gleif_id_139,company_bisnode_id_72244,FALSE
company_gleif_id_140,company_bisnode_id_209062,FALSE
company_gleif_id_141,company_bisnode_id_99605,FALSE
company_gleif_id_142,company_bisnode_id_96132,FALSE
company_gleif_id_143,company_bisnode_id_35279,FALSE
company_gleif_id_144,company_bisnode_id_681,FALSE
company_gleif_id_145,company_bisnode_id_126851,FALSE
company_gleif_id_146,company_bisnode_id_250718,FALSE
company_gleif_id_147,company_bisnode_id_190033,FALSE
company_gleif_id_148,company_bisnode_id_169719,FALSE
company_gleif_id_149,company_bisnode_id_123910,FALSE
company_gleif_id_150,company_bisnode_id_186951,FALSE
company_gleif_id_151,company_bisnode_id_65424,FALSE
company_gleif_id_152,company_bisnode_id_184083,FALSE
company_gleif_id_153,company_bisnode_id_27448,FALSE
company_gleif_id_154,company_bisnode_id_291098,FALSE
company_gleif_id_155,company_bisnode_id_74720,FALSE
company_gleif_id_156,company_bisnode_id_62619,FALSE
company_gleif_id_157,company_bisnode_id_103871,FALSE
company_gleif_id_158,company_bisnode_id_106248,FALSE
company_gleif_id_159,company_bisnode_id_217806,FALSE
company_gleif_id_160,company_bisnode_id_58969,FALSE
company_gleif_id_161,company_bisnode_id_53231,FALSE
company_gleif_id_162,company_bisnode_id_19314,FALSE
company_gleif_id_163,company_bisnode_id_16408,FALSE
company_gleif_id_164,company_bisnode_id_35096,FALSE
company_gleif_id_165,company_bisnode_id_188151,FALSE
company_gleif_id_166,company_bisnode_id_8659,FALSE
company_gleif_id_167,company_bisnode_id_108463,FALSE
company_gleif_id_168,company_bisnode_id_1756,FALSE
company_gleif_id_169,company_bisnode_id_290098,FALSE
company_gleif_id_170,company_bisnode_id_20747,FALSE
company_gleif_id_171,company_bisnode_id_253633,FALSE
company_gleif_id_172,company_bisnode_id_140835,FALSE
company_gleif_id_173,company_bisnode_id_28342,FALSE
company_gleif_id_174,company_bisnode_id_84409,FALSE
company_gleif_id_175,company_bisnode_id_262958,FALSE
company_gleif_id_176,company_bisnode_id_86290,FALSE
company_gleif_id_177,company_bisnode_id_93985,FALSE
company_gleif_id_178,company_bisnode_id_194449,FALSE
company_gleif_id_179,company_bisnode_id_218412,FALSE
company_gleif_id_180,company_bisnode_id_314927,FALSE
company_gleif_id_181,company_bisnode_id_83371,FALSE
company_gleif_id_182,company_bisnode_id_231510,FALSE
company_gleif_id_183,company_bisnode_id_193616,FALSE
company_gleif_id_184,company_bisnode_id_99773,FALSE
company_gleif_id_185,company_bisnode_id_85277,FALSE
company_gleif_id_186,company_bisnode_id_79897,FALSE
company_gleif_id_187,company_bisnode_id_302646,FALSE
company_gleif_id_188,company_bisnode_id_135857,FALSE
company_gleif_id_189,company_bisnode_id_270882,FALSE
company_gleif_id_190,company_bisnode_id_75322,FALSE
company_gleif_id_191,company_bisnode_id_180718,FALSE
company_gleif_id_192,company_bisnode_id_43456,FALSE
company_gleif_id_193,company_bisnode_id_279150,FALSE
company_gleif_id_194,company_bisnode_id_264050,FALSE
company_gleif_id_195,company_bisnode_id_176540,FALSE
company_gleif_id_196,company_bisnode_id_63420,FALSE
company_gleif_id_197,company_bisnode_id_135400,FALSE
company_gleif_id_198,company_bisnode_id_252841,FALSE
company_gleif_id_199,company_bisnode_id_264967,FALSE
company_gleif_id_200,company_bisnode_id_110105,FALSE
company_gleif_id_201,company_bisnode_id_202848,FALSE
company_gleif_id_202,company_bisnode_id_132716,FALSE
company_gleif_id_203,company_bisnode_id_222193,FALSE
company_gleif_id_204,company_bisnode_id_58128,FALSE
company_gleif_id_205,company_bisnode_id_293468,FALSE
company_gleif_id_206,company_bisnode_id_153797,FALSE
company_gleif_id_207,company_bisnode_id_70198,FALSE
company_gleif_id_208,company_bisnode_id_156511,FALSE
company_gleif_id_209,company_bisnode_id_287084,FALSE
company_gleif_id_210,company_bisnode_id_216257,FALSE
company_gleif_id_211,company_bisnode_id_37127,FALSE
company_gleif_id_212,company_bisnode_id_41611,FALSE
company_gleif_id_213,company_bisnode_id_96848,FALSE
company_gleif_id_214,company_bisnode_id_54434,FALSE
company_gleif_id_215,company_bisnode_id_108451,FALSE
company_gleif_id_216,company_bisnode_id_148875,FALSE
company_gleif_id_217,company_bisnode_id_259471,FALSE
company_gleif_id_218,company_bisnode_id_252530,FALSE
company_gleif_id_219,company_bisnode_id_52081,FALSE
company_gleif_id_220,company_bisnode_id_212807,FALSE
company_gleif_id_221,company_bisnode_id_37653,FALSE
company_gleif_id_222,company_bisnode_id_180606,FALSE
company_gleif_id_223,company_bisnode_id_238110,FALSE
company_gleif_id_224,company_bisnode_id_313785,FALSE
company_gleif_id_225,company_bisnode_id_243231,FALSE
company_gleif_id_226,company_bisnode_id_34176,FALSE
company_gleif_id_227,company_bisnode_id_234305,FALSE
company_gleif_id_228,company_bisnode_id_104116,FALSE
company_gleif_id_229,company_bisnode_id_13990,FALSE
company_gleif_id_230,company_bisnode_id_9348,FALSE
company_gleif_id_231,company_bisnode_id_5231,FALSE
company_gleif_id_232,company_bisnode_id_184937,FALSE
company_gleif_id_233,company_bisnode_id_229595,FALSE
company_gleif_id_234,company_bisnode_id_69360,FALSE
company_gleif_id_235,company_bisnode_id_121632,FALSE
company_gleif_id_236,company_bisnode_id_192669,FALSE
company_gleif_id_237,company_bisnode_id_221249,FALSE
company_gleif_id_238,company_bisnode_id_162217,FALSE
company_gleif_id_239,company_bisnode_id_103032,FALSE
company_gleif_id_240,company_bisnode_id_101443,FALSE
company_gleif_id_241,company_bisnode_id_188665,FALSE
company_gleif_id_242,company_bisnode_id_112265,FALSE
company_gleif_id_243,company_bisnode_id_49736,FALSE
company_gleif_id_244,company_bisnode_id_278980,FALSE
company_gleif_id_245,company_bisnode_id_225061,FALSE
company_gleif_id_246,company_bisnode_id_292800,FALSE
company_gleif_id_247,company_bisnode_id_99971,FALSE
company_gleif_id_248,company_bisnode_id_12467,FALSE
company_gleif_id_249,company_bisnode_id_306628,FALSE
company_gleif_id_250,company_bisnode_id_75782,FALSE
company_gleif_id_251,company_bisnode_id_61041,FALSE
company_gleif_id_252,company_bisnode_id_212101,FALSE
company_gleif_id_253,company_bisnode_id_281527,FALSE
company_gleif_id_254,company_bisnode_id_197294,FALSE
company_gleif_id_255,company_bisnode_id_99248,FALSE
company_gleif_id_256,company_bisnode_id_698,FALSE
company_gleif_id_257,company_bisnode_id_225698,FALSE
company_gleif_id_258,company_bisnode_id_80389,FALSE
company_gleif_id_259,company_bisnode_id_90132,FALSE
company_gleif_id_20698,company_bisnode_id_1356103,FALSE
company_gleif_id_45029,company_bisnode_id_204787,FALSE
company_gleif_id_137785,company_bisnode_id_837427,TRUE
company_gleif_id_51979,company_bisnode_id_1045904,TRUE
company_gleif_id_73718,company_bisnode_id_235083,TRUE
company_gleif_id_117361,company_bisnode_id_797246,TRUE
company_gleif_id_68415,company_bisnode_id_1556498,TRUE
company_gleif_id_102658,company_bisnode_id_1071063,TRUE
company_gleif_id_139669,company_bisnode_id_289273,FALSE
company_gleif_id_5436,company_bisnode_id_144351,TRUE
company_gleif_id_114523,company_bisnode_id_1136629,TRUE
company_gleif_id_127642,company_bisnode_id_1066880,TRUE
company_gleif_id_115824,company_bisnode_id_687921,TRUE
company_gleif_id_119331,company_bisnode_id_130960,TRUE
company_gleif_id_118493,company_bisnode_id_359534,TRUE
company_gleif_id_73814,company_bisnode_id_389073,TRUE
company_gleif_id_63267,company_bisnode_id_149960,TRUE
company_gleif_id_93003,company_bisnode_id_288220,TRUE
company_gleif_id_128742,company_bisnode_id_1060732,TRUE
company_gleif_id_69064,company_bisnode_id_680962,FALSE
company_gleif_id_88814,company_bisnode_id_795048,TRUE
company_gleif_id_114787,company_bisnode_id_369013,FALSE
company_gleif_id_108072,company_bisnode_id_1169899,FALSE
company_gleif_id_86445,company_bisnode_id_372258,TRUE
company_gleif_id_114893,company_bisnode_id_1040990,TRUE
company_gleif_id_116115,company_bisnode_id_493273,TRUE
company_gleif_id_97486,company_bisnode_id_1027633,TRUE
company_gleif_id_6870,company_bisnode_id_1065986,TRUE
company_gleif_id_79323,company_bisnode_id_1245555,TRUE
company_gleif_id_103732,company_bisnode_id_1562446,TRUE
company_gleif_id_50211,company_bisnode_id_1117235,TRUE
company_gleif_id_123525,company_bisnode_id_1340590,TRUE
company_gleif_id_80982,company_bisnode_id_415879,FALSE
company_gleif_id_14424,company_bisnode_id_1256850,FALSE
company_gleif_id_93519,company_bisnode_id_1465588,TRUE
company_gleif_id_138198,company_bisnode_id_929726,FALSE
company_gleif_id_86425,company_bisnode_id_391286,FALSE
company_gleif_id_93920,company_bisnode_id_1304766,FALSE
company_gleif_id_143589,company_bisnode_id_674303,FALSE
company_gleif_id_43829,company_bisnode_id_1520826,TRUE
company_gleif_id_20551,company_bisnode_id_43707,TRUE
company_gleif_id_20397,company_bisnode_id_993295,FALSE
company_gleif_id_107650,company_bisnode_id_726029,TRUE
company_gleif_id_46481,company_bisnode_id_571882,FALSE
company_gleif_id_25310,company_bisnode_id_411936,TRUE
company_gleif_id_3517,company_bisnode_id_1422215,TRUE
company_gleif_id_53379,company_bisnode_id_911942,TRUE
company_gleif_id_138328,company_bisnode_id_787805,TRUE
company_gleif_id_54524,company_bisnode_id_1109844,FALSE
company_gleif_id_66048,company_bisnode_id_950385,FALSE
company_gleif_id_113618,company_bisnode_id_1529533,TRUE
company_gleif_id_107475,company_bisnode_id_756560,FALSE
company_gleif_id_91003,company_bisnode_id_1048010,TRUE
company_gleif_id_93282,company_bisnode_id_1296250,TRUE
company_gleif_id_71865,company_bisnode_id_1549941,TRUE
company_gleif_id_72006,company_bisnode_id_1430737,TRUE
company_gleif_id_46241,company_bisnode_id_1050368,TRUE
company_gleif_id_34869,company_bisnode_id_506287,FALSE
company_gleif_id_115822,company_bisnode_id_1000040,FALSE
company_gleif_id_15024,company_bisnode_id_1240390,FALSE
company_gleif_id_42331,company_bisnode_id_627852,FALSE
company_gleif_id_137359,company_bisnode_id_667102,FALSE
company_gleif_id_4924,company_bisnode_id_639093,TRUE
company_gleif_id_140216,company_bisnode_id_1559247,TRUE
company_gleif_id_74963,company_bisnode_id_39192,FALSE
company_gleif_id_131435,company_bisnode_id_893153,TRUE
company_gleif_id_71195,company_bisnode_id_610352,FALSE
company_gleif_id_129010,company_bisnode_id_1085285,FALSE
company_gleif_id_128795,company_bisnode_id_899892,TRUE
company_gleif_id_75418,company_bisnode_id_4132,FALSE
company_gleif_id_99789,company_bisnode_id_536988,TRUE
company_gleif_id_27607,company_bisnode_id_36759,TRUE
company_gleif_id_122527,company_bisnode_id_426502,FALSE
company_gleif_id_91677,company_bisnode_id_434797,TRUE
company_gleif_id_10114,company_bisnode_id_1558023,FALSE
company_gleif_id_46760,company_bisnode_id_662985,FALSE
company_gleif_id_131029,company_bisnode_id_893023,TRUE
company_gleif_id_43982,company_bisnode_id_583868,TRUE
company_gleif_id_66193,company_bisnode_id_3634,FALSE
company_gleif_id_14369,company_bisnode_id_614819,TRUE
company_gleif_id_107823,company_bisnode_id_853875,FALSE
company_gleif_id_105617,company_bisnode_id_293157,FALSE
company_gleif_id_73400,company_bisnode_id_1542717,FALSE
company_gleif_id_10818,company_bisnode_id_536235,FALSE
company_gleif_id_81830,company_bisnode_id_94282,FALSE
company_gleif_id_50080,company_bisnode_id_714394,FALSE
company_gleif_id_77043,company_bisnode_id_428864,TRUE
company_gleif_id_105397,company_bisnode_id_667695,TRUE
company_gleif_id_36325,company_bisnode_id_1236703,FALSE
company_gleif_id_68539,company_bisnode_id_646652,FALSE
