company_gleif_id_1094,company_ocdata_id_4665744,TRUE
company_gleif_id_10823,company_ocdata_id_3430483,TRUE
company_gleif_id_59587,company_ocdata_id_939619,TRUE
company_gleif_id_94566,company_ocdata_id_1006806,TRUE
company_gleif_id_135373,company_ocdata_id_3044751,TRUE
company_gleif_id_147442,company_ocdata_id_4041895,TRUE
company_gleif_id_125124,company_ocdata_id_2548581,TRUE
company_gleif_id_17533,company_ocdata_id_501229,TRUE
company_gleif_id_30666,company_ocdata_id_3627481,TRUE
company_gleif_id_59330,company_ocdata_id_2766472,TRUE
company_gleif_id_133815,company_ocdata_id_2284919,TRUE
company_gleif_id_49885,company_ocdata_id_340639,TRUE
company_gleif_id_79994,company_ocdata_id_340878,TRUE
company_gleif_id_60128,company_ocdata_id_4535826,TRUE
company_gleif_id_21148,company_ocdata_id_3750726,TRUE
company_gleif_id_55230,company_ocdata_id_4482165,TRUE
company_gleif_id_68907,company_ocdata_id_1998249,TRUE
company_gleif_id_51256,company_ocdata_id_1283274,TRUE
company_gleif_id_80414,company_ocdata_id_689089,TRUE
company_gleif_id_26961,company_ocdata_id_1953506,TRUE
company_gleif_id_124829,company_ocdata_id_1663729,TRUE
company_gleif_id_57822,company_ocdata_id_884354,TRUE
company_gleif_id_124554,company_ocdata_id_4115767,TRUE
company_gleif_id_46184,company_ocdata_id_3736628,TRUE
company_gleif_id_17854,company_ocdata_id_2489476,TRUE
company_gleif_id_36218,company_ocdata_id_2873353,TRUE
company_gleif_id_14627,company_ocdata_id_540450,TRUE
company_gleif_id_71066,company_ocdata_id_4299180,TRUE
company_gleif_id_95216,company_ocdata_id_1696257,TRUE
company_gleif_id_24515,company_ocdata_id_134788,TRUE
company_gleif_id_86781,company_ocdata_id_3430457,TRUE
company_gleif_id_29828,company_ocdata_id_2701690,TRUE
company_gleif_id_83752,company_ocdata_id_3483431,TRUE
company_gleif_id_12065,company_ocdata_id_2788191,TRUE
company_gleif_id_95089,company_ocdata_id_410912,TRUE
company_gleif_id_69058,company_ocdata_id_4541072,TRUE
company_gleif_id_94348,company_ocdata_id_2678882,TRUE
company_gleif_id_40458,company_ocdata_id_3052052,TRUE
company_gleif_id_31796,company_ocdata_id_172762,TRUE
company_gleif_id_78194,company_ocdata_id_1927544,TRUE
company_gleif_id_119047,company_ocdata_id_4490387,TRUE
company_gleif_id_14851,company_ocdata_id_3734659,TRUE
company_gleif_id_147876,company_ocdata_id_2461492,TRUE
company_gleif_id_67039,company_ocdata_id_3460367,TRUE
company_gleif_id_9859,company_ocdata_id_1486631,TRUE
company_gleif_id_40809,company_ocdata_id_3023296,TRUE
company_gleif_id_64825,company_ocdata_id_3917698,TRUE
company_gleif_id_108887,company_ocdata_id_1612119,TRUE
company_gleif_id_86755,company_ocdata_id_2473910,TRUE
company_gleif_id_22865,company_ocdata_id_3263561,TRUE
company_gleif_id_119745,company_ocdata_id_686629,TRUE
company_gleif_id_141926,company_ocdata_id_691897,TRUE
company_gleif_id_59691,company_ocdata_id_3144474,TRUE
company_gleif_id_140433,company_ocdata_id_5293316,TRUE
company_gleif_id_125099,company_ocdata_id_4170249,TRUE
company_gleif_id_146394,company_ocdata_id_492659,TRUE
company_gleif_id_85948,company_ocdata_id_1050079,TRUE
company_gleif_id_143868,company_ocdata_id_4373037,TRUE
company_gleif_id_7520,company_ocdata_id_2942876,TRUE
company_gleif_id_86447,company_ocdata_id_1309563,TRUE
company_gleif_id_40814,company_ocdata_id_2786274,TRUE
company_gleif_id_13668,company_ocdata_id_2590340,TRUE
company_gleif_id_7106,company_ocdata_id_1063609,TRUE
company_gleif_id_4362,company_ocdata_id_1656368,TRUE
company_gleif_id_54242,company_ocdata_id_939689,TRUE
company_gleif_id_89971,company_ocdata_id_1293606,TRUE
company_gleif_id_133816,company_ocdata_id_2850747,TRUE
company_gleif_id_69645,company_ocdata_id_1113441,TRUE
company_gleif_id_11528,company_ocdata_id_1080472,TRUE
company_gleif_id_126234,company_ocdata_id_3055846,TRUE
company_gleif_id_30330,company_ocdata_id_4462413,TRUE
company_gleif_id_36772,company_ocdata_id_1418534,TRUE
company_gleif_id_57695,company_ocdata_id_2219187,TRUE
company_gleif_id_17480,company_ocdata_id_3753879,TRUE
company_gleif_id_105322,company_ocdata_id_2580461,TRUE
company_gleif_id_74879,company_ocdata_id_4195361,TRUE
company_gleif_id_31733,company_ocdata_id_4414883,TRUE
company_gleif_id_114082,company_ocdata_id_914673,TRUE
company_gleif_id_66973,company_ocdata_id_4042379,TRUE
company_gleif_id_65286,company_ocdata_id_2282563,TRUE
company_gleif_id_22018,company_ocdata_id_93421,TRUE
company_gleif_id_94742,company_ocdata_id_3458742,TRUE
company_gleif_id_135965,company_ocdata_id_4194907,TRUE
company_gleif_id_34356,company_ocdata_id_1284448,TRUE
company_gleif_id_130333,company_ocdata_id_2499629,TRUE
company_gleif_id_10160,company_ocdata_id_2559348,TRUE
company_gleif_id_106106,company_ocdata_id_1650826,TRUE
company_gleif_id_58597,company_ocdata_id_225475,TRUE
company_gleif_id_19772,company_ocdata_id_2272554,TRUE
company_gleif_id_54398,company_ocdata_id_2270245,TRUE
company_gleif_id_1703,company_ocdata_id_3667365,TRUE
company_gleif_id_18888,company_ocdata_id_1260534,TRUE
company_gleif_id_147747,company_ocdata_id_2376577,TRUE
company_gleif_id_89787,company_ocdata_id_2283321,TRUE
company_gleif_id_146610,company_ocdata_id_3367109,TRUE
company_gleif_id_118770,company_ocdata_id_948061,TRUE
company_gleif_id_48537,company_ocdata_id_2538549,TRUE
company_gleif_id_44658,company_ocdata_id_3093611,TRUE
company_gleif_id_18771,company_ocdata_id_42437,TRUE
company_gleif_id_102292,company_ocdata_id_2816849,TRUE
company_gleif_id_0,company_ocdata_id_3228374,FALSE
company_gleif_id_1,company_ocdata_id_3248696,FALSE
company_gleif_id_2,company_ocdata_id_1504057,FALSE
company_gleif_id_3,company_ocdata_id_2315396,FALSE
company_gleif_id_4,company_ocdata_id_2805017,FALSE
company_gleif_id_5,company_ocdata_id_4538037,FALSE
company_gleif_id_6,company_ocdata_id_728161,FALSE
company_gleif_id_7,company_ocdata_id_443251,FALSE
company_gleif_id_8,company_ocdata_id_4312093,FALSE
company_gleif_id_9,company_ocdata_id_4297780,FALSE
company_gleif_id_10,company_ocdata_id_3261608,FALSE
company_gleif_id_11,company_ocdata_id_2192923,FALSE
company_gleif_id_12,company_ocdata_id_2361526,FALSE
company_gleif_id_13,company_ocdata_id_2207611,FALSE
company_gleif_id_14,company_ocdata_id_4058478,FALSE
company_gleif_id_15,company_ocdata_id_1970525,FALSE
company_gleif_id_16,company_ocdata_id_2853486,FALSE
company_gleif_id_17,company_ocdata_id_1421059,FALSE
company_gleif_id_18,company_ocdata_id_4657874,FALSE
company_gleif_id_19,company_ocdata_id_1163692,FALSE
company_gleif_id_20,company_ocdata_id_2667625,FALSE
company_gleif_id_21,company_ocdata_id_2592727,FALSE
company_gleif_id_22,company_ocdata_id_2053383,FALSE
company_gleif_id_23,company_ocdata_id_1774819,FALSE
company_gleif_id_24,company_ocdata_id_213433,FALSE
company_gleif_id_25,company_ocdata_id_3859477,FALSE
company_gleif_id_26,company_ocdata_id_107891,FALSE
company_gleif_id_27,company_ocdata_id_3053818,FALSE
company_gleif_id_28,company_ocdata_id_4640596,FALSE
company_gleif_id_29,company_ocdata_id_3465143,FALSE
company_gleif_id_30,company_ocdata_id_1769856,FALSE
company_gleif_id_31,company_ocdata_id_712564,FALSE
company_gleif_id_32,company_ocdata_id_2483483,FALSE
company_gleif_id_33,company_ocdata_id_2135905,FALSE
company_gleif_id_34,company_ocdata_id_1856263,FALSE
company_gleif_id_35,company_ocdata_id_3381451,FALSE
company_gleif_id_36,company_ocdata_id_3151955,FALSE
company_gleif_id_37,company_ocdata_id_1317753,FALSE
company_gleif_id_38,company_ocdata_id_4493206,FALSE
company_gleif_id_39,company_ocdata_id_285600,FALSE
company_gleif_id_40,company_ocdata_id_3654829,FALSE
company_gleif_id_41,company_ocdata_id_1528089,FALSE
company_gleif_id_42,company_ocdata_id_1205987,FALSE
company_gleif_id_43,company_ocdata_id_1910012,FALSE
company_gleif_id_44,company_ocdata_id_4556705,FALSE
company_gleif_id_45,company_ocdata_id_3025021,FALSE
company_gleif_id_46,company_ocdata_id_7268,FALSE
company_gleif_id_47,company_ocdata_id_3931249,FALSE
company_gleif_id_48,company_ocdata_id_2794688,FALSE
company_gleif_id_49,company_ocdata_id_1333225,FALSE
company_gleif_id_50,company_ocdata_id_32924,FALSE
company_gleif_id_51,company_ocdata_id_3345292,FALSE
company_gleif_id_52,company_ocdata_id_3447885,FALSE
company_gleif_id_53,company_ocdata_id_2548653,FALSE
company_gleif_id_54,company_ocdata_id_208727,FALSE
company_gleif_id_55,company_ocdata_id_2509611,FALSE
company_gleif_id_56,company_ocdata_id_1301261,FALSE
company_gleif_id_57,company_ocdata_id_2387585,FALSE
company_gleif_id_58,company_ocdata_id_3161721,FALSE
company_gleif_id_59,company_ocdata_id_2529563,FALSE
company_gleif_id_60,company_ocdata_id_3226446,FALSE
company_gleif_id_61,company_ocdata_id_1352229,FALSE
company_gleif_id_62,company_ocdata_id_1576847,FALSE
company_gleif_id_63,company_ocdata_id_700495,FALSE
company_gleif_id_64,company_ocdata_id_2993935,FALSE
company_gleif_id_65,company_ocdata_id_360582,FALSE
company_gleif_id_66,company_ocdata_id_794563,FALSE
company_gleif_id_67,company_ocdata_id_3004193,FALSE
company_gleif_id_68,company_ocdata_id_871267,FALSE
company_gleif_id_69,company_ocdata_id_4737626,FALSE
company_gleif_id_70,company_ocdata_id_645933,FALSE
company_gleif_id_71,company_ocdata_id_2759670,FALSE
company_gleif_id_72,company_ocdata_id_4648975,FALSE
company_gleif_id_73,company_ocdata_id_729788,FALSE
company_gleif_id_74,company_ocdata_id_1787041,FALSE
company_gleif_id_75,company_ocdata_id_1347239,FALSE
company_gleif_id_76,company_ocdata_id_259597,FALSE
company_gleif_id_77,company_ocdata_id_1751025,FALSE
company_gleif_id_78,company_ocdata_id_3626461,FALSE
company_gleif_id_79,company_ocdata_id_4086220,FALSE
company_gleif_id_80,company_ocdata_id_2408557,FALSE
company_gleif_id_81,company_ocdata_id_2354051,FALSE
company_gleif_id_82,company_ocdata_id_1749083,FALSE
company_gleif_id_83,company_ocdata_id_3666643,FALSE
company_gleif_id_84,company_ocdata_id_4107633,FALSE
company_gleif_id_85,company_ocdata_id_3230278,FALSE
company_gleif_id_86,company_ocdata_id_4195899,FALSE
company_gleif_id_87,company_ocdata_id_3794903,FALSE
company_gleif_id_88,company_ocdata_id_4777761,FALSE
company_gleif_id_89,company_ocdata_id_3383766,FALSE
company_gleif_id_90,company_ocdata_id_695920,FALSE
company_gleif_id_91,company_ocdata_id_3466887,FALSE
company_gleif_id_92,company_ocdata_id_124226,FALSE
company_gleif_id_93,company_ocdata_id_4201108,FALSE
company_gleif_id_94,company_ocdata_id_442845,FALSE
company_gleif_id_95,company_ocdata_id_1554631,FALSE
company_gleif_id_96,company_ocdata_id_4516538,FALSE
company_gleif_id_97,company_ocdata_id_2122564,FALSE
company_gleif_id_98,company_ocdata_id_2543572,FALSE
company_gleif_id_99,company_ocdata_id_2847630,FALSE
company_gleif_id_100,company_ocdata_id_3263715,FALSE
company_gleif_id_101,company_ocdata_id_4034684,FALSE
company_gleif_id_102,company_ocdata_id_4698154,FALSE
company_gleif_id_103,company_ocdata_id_1210616,FALSE
company_gleif_id_104,company_ocdata_id_2718108,FALSE
company_gleif_id_105,company_ocdata_id_121183,FALSE
company_gleif_id_106,company_ocdata_id_1729194,FALSE
company_gleif_id_107,company_ocdata_id_3999312,FALSE
company_gleif_id_108,company_ocdata_id_3486891,FALSE
company_gleif_id_109,company_ocdata_id_1089722,FALSE
company_gleif_id_110,company_ocdata_id_1989839,FALSE
company_gleif_id_111,company_ocdata_id_3229666,FALSE
company_gleif_id_112,company_ocdata_id_3767889,FALSE
company_gleif_id_113,company_ocdata_id_3051055,FALSE
company_gleif_id_114,company_ocdata_id_2657833,FALSE
company_gleif_id_115,company_ocdata_id_1475394,FALSE
company_gleif_id_116,company_ocdata_id_1455786,FALSE
company_gleif_id_117,company_ocdata_id_2049671,FALSE
company_gleif_id_118,company_ocdata_id_1121526,FALSE
company_gleif_id_119,company_ocdata_id_4130502,FALSE
company_gleif_id_120,company_ocdata_id_3173107,FALSE
company_gleif_id_121,company_ocdata_id_2294545,FALSE
company_gleif_id_122,company_ocdata_id_3646915,FALSE
company_gleif_id_123,company_ocdata_id_1813456,FALSE
company_gleif_id_124,company_ocdata_id_4406946,FALSE
company_gleif_id_125,company_ocdata_id_4790682,FALSE
company_gleif_id_126,company_ocdata_id_1722302,FALSE
company_gleif_id_127,company_ocdata_id_4230424,FALSE
company_gleif_id_128,company_ocdata_id_2334502,FALSE
company_gleif_id_129,company_ocdata_id_4394376,FALSE
company_gleif_id_130,company_ocdata_id_591949,FALSE
company_gleif_id_131,company_ocdata_id_3994952,FALSE
company_gleif_id_132,company_ocdata_id_841766,FALSE
company_gleif_id_133,company_ocdata_id_4169614,FALSE
company_gleif_id_134,company_ocdata_id_1847196,FALSE
company_gleif_id_135,company_ocdata_id_331362,FALSE
company_gleif_id_136,company_ocdata_id_3875369,FALSE
company_gleif_id_137,company_ocdata_id_2785222,FALSE
company_gleif_id_138,company_ocdata_id_3277197,FALSE
company_gleif_id_139,company_ocdata_id_3214484,FALSE
company_gleif_id_140,company_ocdata_id_2643201,FALSE
company_gleif_id_141,company_ocdata_id_4478951,FALSE
company_gleif_id_142,company_ocdata_id_94628,FALSE
company_gleif_id_143,company_ocdata_id_4413378,FALSE
company_gleif_id_144,company_ocdata_id_405124,FALSE
company_gleif_id_145,company_ocdata_id_3986560,FALSE
company_gleif_id_146,company_ocdata_id_50993,FALSE
company_gleif_id_147,company_ocdata_id_3113769,FALSE
company_gleif_id_148,company_ocdata_id_1283285,FALSE
company_gleif_id_149,company_ocdata_id_4237085,FALSE
company_gleif_id_150,company_ocdata_id_3812191,FALSE
company_gleif_id_151,company_ocdata_id_4342405,FALSE
company_gleif_id_152,company_ocdata_id_3132466,FALSE
company_gleif_id_153,company_ocdata_id_2706442,FALSE
company_gleif_id_154,company_ocdata_id_1828790,FALSE
company_gleif_id_155,company_ocdata_id_1105823,FALSE
company_gleif_id_156,company_ocdata_id_1160938,FALSE
company_gleif_id_157,company_ocdata_id_1068318,FALSE
company_gleif_id_158,company_ocdata_id_832767,FALSE
company_gleif_id_159,company_ocdata_id_4124147,FALSE
company_gleif_id_160,company_ocdata_id_4498402,FALSE
company_gleif_id_161,company_ocdata_id_1335364,FALSE
company_gleif_id_162,company_ocdata_id_1914719,FALSE
company_gleif_id_163,company_ocdata_id_4490902,FALSE
company_gleif_id_164,company_ocdata_id_420772,FALSE
company_gleif_id_165,company_ocdata_id_4264626,FALSE
company_gleif_id_166,company_ocdata_id_2991668,FALSE
company_gleif_id_167,company_ocdata_id_1042398,FALSE
company_gleif_id_168,company_ocdata_id_1538136,FALSE
company_gleif_id_169,company_ocdata_id_4675259,FALSE
company_gleif_id_170,company_ocdata_id_2552977,FALSE
company_gleif_id_171,company_ocdata_id_397400,FALSE
company_gleif_id_172,company_ocdata_id_3191152,FALSE
company_gleif_id_173,company_ocdata_id_2457755,FALSE
company_gleif_id_174,company_ocdata_id_4547537,FALSE
company_gleif_id_175,company_ocdata_id_2718826,FALSE
company_gleif_id_176,company_ocdata_id_2505621,FALSE
company_gleif_id_177,company_ocdata_id_1415538,FALSE
company_gleif_id_178,company_ocdata_id_3086088,FALSE
company_gleif_id_179,company_ocdata_id_4035877,FALSE
company_gleif_id_180,company_ocdata_id_256615,FALSE
company_gleif_id_181,company_ocdata_id_3405179,FALSE
company_gleif_id_182,company_ocdata_id_1072788,FALSE
company_gleif_id_183,company_ocdata_id_1021229,FALSE
company_gleif_id_184,company_ocdata_id_1187994,FALSE
company_gleif_id_185,company_ocdata_id_643331,FALSE
company_gleif_id_186,company_ocdata_id_4128065,FALSE
company_gleif_id_187,company_ocdata_id_2787461,FALSE
company_gleif_id_188,company_ocdata_id_4343892,FALSE
company_gleif_id_189,company_ocdata_id_1406605,FALSE
company_gleif_id_190,company_ocdata_id_3267566,FALSE
company_gleif_id_191,company_ocdata_id_1132930,FALSE
company_gleif_id_192,company_ocdata_id_1495609,FALSE
company_gleif_id_193,company_ocdata_id_85571,FALSE
company_gleif_id_194,company_ocdata_id_222747,FALSE
company_gleif_id_195,company_ocdata_id_4315580,FALSE
company_gleif_id_196,company_ocdata_id_2605890,FALSE
company_gleif_id_197,company_ocdata_id_4795985,FALSE
company_gleif_id_198,company_ocdata_id_1868964,FALSE
company_gleif_id_199,company_ocdata_id_4205735,FALSE
company_gleif_id_200,company_ocdata_id_1528657,FALSE
company_gleif_id_201,company_ocdata_id_3030878,FALSE
company_gleif_id_202,company_ocdata_id_65152,FALSE
company_gleif_id_203,company_ocdata_id_4795958,FALSE
company_gleif_id_204,company_ocdata_id_2087500,FALSE
company_gleif_id_205,company_ocdata_id_4661535,FALSE
company_gleif_id_206,company_ocdata_id_2094785,FALSE
company_gleif_id_207,company_ocdata_id_4222674,FALSE
company_gleif_id_208,company_ocdata_id_1384862,FALSE
company_gleif_id_209,company_ocdata_id_673816,FALSE
company_gleif_id_210,company_ocdata_id_11416,FALSE
company_gleif_id_211,company_ocdata_id_1347255,FALSE
company_gleif_id_212,company_ocdata_id_2042966,FALSE
company_gleif_id_213,company_ocdata_id_3410557,FALSE
company_gleif_id_214,company_ocdata_id_4456415,FALSE
company_gleif_id_215,company_ocdata_id_748143,FALSE
company_gleif_id_216,company_ocdata_id_967515,FALSE
company_gleif_id_217,company_ocdata_id_3685451,FALSE
company_gleif_id_218,company_ocdata_id_19620,FALSE
company_gleif_id_219,company_ocdata_id_2463509,FALSE
company_gleif_id_220,company_ocdata_id_3209117,FALSE
company_gleif_id_221,company_ocdata_id_3731556,FALSE
company_gleif_id_222,company_ocdata_id_3441574,FALSE
company_gleif_id_223,company_ocdata_id_950146,FALSE
company_gleif_id_224,company_ocdata_id_3993728,FALSE
company_gleif_id_225,company_ocdata_id_1219413,FALSE
company_gleif_id_226,company_ocdata_id_3025418,FALSE
company_gleif_id_227,company_ocdata_id_438865,FALSE
company_gleif_id_228,company_ocdata_id_1687705,FALSE
company_gleif_id_229,company_ocdata_id_4111829,FALSE
company_gleif_id_230,company_ocdata_id_1115555,FALSE
company_gleif_id_231,company_ocdata_id_3143523,FALSE
company_gleif_id_232,company_ocdata_id_4120312,FALSE
company_gleif_id_233,company_ocdata_id_659147,FALSE
company_gleif_id_234,company_ocdata_id_2128217,FALSE
company_gleif_id_235,company_ocdata_id_1654108,FALSE
company_gleif_id_236,company_ocdata_id_1083611,FALSE
company_gleif_id_237,company_ocdata_id_4208922,FALSE
company_gleif_id_238,company_ocdata_id_1290494,FALSE
company_gleif_id_239,company_ocdata_id_4346703,FALSE
company_gleif_id_240,company_ocdata_id_1323982,FALSE
company_gleif_id_241,company_ocdata_id_1909846,FALSE
company_gleif_id_242,company_ocdata_id_2207185,FALSE
company_gleif_id_243,company_ocdata_id_1179855,FALSE
company_gleif_id_244,company_ocdata_id_3234245,FALSE
company_gleif_id_245,company_ocdata_id_3373877,FALSE
company_gleif_id_246,company_ocdata_id_4144237,FALSE
company_gleif_id_247,company_ocdata_id_1869007,FALSE
company_gleif_id_248,company_ocdata_id_2141858,FALSE
company_gleif_id_249,company_ocdata_id_505805,FALSE
company_gleif_id_88848,company_ocdata_id_2508578,FALSE
company_gleif_id_79357,company_ocdata_id_3223162,TRUE
company_gleif_id_117824,company_ocdata_id_2250524,FALSE
company_gleif_id_62320,company_ocdata_id_4630639,TRUE
company_gleif_id_130522,company_ocdata_id_607101,FALSE
company_gleif_id_13552,company_ocdata_id_2341151,FALSE
company_gleif_id_76524,company_ocdata_id_2945764,FALSE
company_gleif_id_111087,company_ocdata_id_118798,TRUE
company_gleif_id_114447,company_ocdata_id_967534,FALSE
company_gleif_id_65679,company_ocdata_id_955676,FALSE
company_gleif_id_21817,company_ocdata_id_2680690,TRUE
company_gleif_id_99253,company_ocdata_id_4178849,FALSE
company_gleif_id_64808,company_ocdata_id_3906471,TRUE
company_gleif_id_14563,company_ocdata_id_1583530,FALSE
company_gleif_id_68282,company_ocdata_id_4579369,FALSE
company_gleif_id_103804,company_ocdata_id_2598071,FALSE
company_gleif_id_26788,company_ocdata_id_2880434,TRUE
company_gleif_id_48693,company_ocdata_id_2174085,FALSE
company_gleif_id_121625,company_ocdata_id_2589588,TRUE
company_gleif_id_18765,company_ocdata_id_4714955,TRUE
company_gleif_id_16523,company_ocdata_id_4541774,TRUE
company_gleif_id_71310,company_ocdata_id_5203856,TRUE
company_gleif_id_121527,company_ocdata_id_981399,TRUE
company_gleif_id_60532,company_ocdata_id_3106884,FALSE
company_gleif_id_9896,company_ocdata_id_2381876,FALSE
company_gleif_id_32757,company_ocdata_id_5067097,TRUE
company_gleif_id_109519,company_ocdata_id_2651346,FALSE
company_gleif_id_144748,company_ocdata_id_5255630,TRUE
company_gleif_id_80299,company_ocdata_id_4256749,TRUE
company_gleif_id_43304,company_ocdata_id_102801,TRUE
company_gleif_id_63426,company_ocdata_id_3499611,FALSE
company_gleif_id_80432,company_ocdata_id_1719496,FALSE
company_gleif_id_30345,company_ocdata_id_4703020,FALSE
company_gleif_id_65942,company_ocdata_id_358466,FALSE
company_gleif_id_23663,company_ocdata_id_592665,TRUE
company_gleif_id_98738,company_ocdata_id_3564741,TRUE
company_gleif_id_52826,company_ocdata_id_936686,FALSE
company_gleif_id_111705,company_ocdata_id_5282014,FALSE
company_gleif_id_106573,company_ocdata_id_2336603,TRUE
company_gleif_id_59313,company_ocdata_id_1595398,FALSE
company_gleif_id_67073,company_ocdata_id_2701937,TRUE
company_gleif_id_46015,company_ocdata_id_4754694,FALSE
company_gleif_id_82029,company_ocdata_id_2479726,TRUE
company_gleif_id_133192,company_ocdata_id_685773,FALSE
company_gleif_id_51714,company_ocdata_id_127361,FALSE
company_gleif_id_58404,company_ocdata_id_2291776,FALSE
company_gleif_id_82000,company_ocdata_id_1673584,TRUE
company_gleif_id_64980,company_ocdata_id_4700718,TRUE
company_gleif_id_135825,company_ocdata_id_536577,TRUE
company_gleif_id_54421,company_ocdata_id_1134525,TRUE
company_gleif_id_121163,company_ocdata_id_2065384,TRUE
company_gleif_id_98449,company_ocdata_id_2816294,TRUE
company_gleif_id_87405,company_ocdata_id_3731285,FALSE
company_gleif_id_73274,company_ocdata_id_3850225,TRUE
company_gleif_id_18422,company_ocdata_id_141629,FALSE
company_gleif_id_54234,company_ocdata_id_295979,FALSE
company_gleif_id_107692,company_ocdata_id_3651096,TRUE
company_gleif_id_54427,company_ocdata_id_4690034,TRUE
company_gleif_id_83974,company_ocdata_id_4899327,TRUE
company_gleif_id_35141,company_ocdata_id_2182917,FALSE
company_gleif_id_97646,company_ocdata_id_936049,FALSE
company_gleif_id_140905,company_ocdata_id_5207455,FALSE
company_gleif_id_29421,company_ocdata_id_4921910,TRUE
company_gleif_id_17232,company_ocdata_id_2739981,TRUE
company_gleif_id_54887,company_ocdata_id_2841714,TRUE
company_gleif_id_138563,company_ocdata_id_628427,TRUE
company_gleif_id_4939,company_ocdata_id_3099168,FALSE
company_gleif_id_68376,company_ocdata_id_3379131,FALSE
company_gleif_id_39433,company_ocdata_id_4020206,FALSE
company_gleif_id_96867,company_ocdata_id_989955,FALSE
company_gleif_id_54289,company_ocdata_id_883300,FALSE
company_gleif_id_39986,company_ocdata_id_530979,TRUE
company_gleif_id_58764,company_ocdata_id_2238041,FALSE
company_gleif_id_143930,company_ocdata_id_4888531,FALSE
company_gleif_id_11154,company_ocdata_id_3453746,FALSE
company_gleif_id_72070,company_ocdata_id_4828674,FALSE
company_gleif_id_101806,company_ocdata_id_4222491,TRUE
company_gleif_id_146196,company_ocdata_id_6833,TRUE
company_gleif_id_77407,company_ocdata_id_478053,FALSE
company_gleif_id_133780,company_ocdata_id_523557,FALSE
company_gleif_id_13707,company_ocdata_id_3649660,TRUE
company_gleif_id_106862,company_ocdata_id_849704,TRUE
company_gleif_id_10391,company_ocdata_id_3611309,TRUE
company_gleif_id_89076,company_ocdata_id_786573,TRUE
company_gleif_id_81846,company_ocdata_id_1954189,FALSE
company_gleif_id_88196,company_ocdata_id_612088,TRUE
company_gleif_id_39374,company_ocdata_id_3619291,TRUE
company_gleif_id_125593,company_ocdata_id_4890122,TRUE
company_gleif_id_105059,company_ocdata_id_206340,FALSE
company_gleif_id_56775,company_ocdata_id_1109734,FALSE
company_gleif_id_125042,company_ocdata_id_1197056,FALSE
company_gleif_id_27688,company_ocdata_id_4996699,FALSE
company_gleif_id_68500,company_ocdata_id_1791,TRUE
company_gleif_id_102286,company_ocdata_id_3063357,FALSE
company_gleif_id_117973,company_ocdata_id_987894,TRUE
company_gleif_id_78908,company_ocdata_id_3024406,FALSE
company_gleif_id_97691,company_ocdata_id_4792035,TRUE
company_gleif_id_64984,company_ocdata_id_4973733,TRUE
company_gleif_id_106939,company_ocdata_id_222005,FALSE
company_gleif_id_32556,company_ocdata_id_2967037,FALSE
company_gleif_id_128441,company_ocdata_id_3111824,FALSE
company_gleif_id_30015,company_ocdata_id_2654775,FALSE
company_gleif_id_11746,company_ocdata_id_1015216,TRUE
company_gleif_id_131404,company_ocdata_id_4096157,TRUE
company_gleif_id_22515,company_ocdata_id_576548,FALSE
company_gleif_id_30399,company_ocdata_id_4232987,TRUE
company_gleif_id_21750,company_ocdata_id_918776,TRUE
company_gleif_id_117796,company_ocdata_id_2391419,TRUE
company_gleif_id_128178,company_ocdata_id_871980,TRUE
company_gleif_id_46821,company_ocdata_id_341004,TRUE
company_gleif_id_85164,company_ocdata_id_5043903,FALSE
company_gleif_id_66767,company_ocdata_id_4988960,TRUE
company_gleif_id_128629,company_ocdata_id_2031600,TRUE
company_gleif_id_58426,company_ocdata_id_431277,FALSE
company_gleif_id_96349,company_ocdata_id_392254,TRUE
company_gleif_id_145687,company_ocdata_id_4758227,FALSE
company_gleif_id_146437,company_ocdata_id_4684996,TRUE
company_gleif_id_137466,company_ocdata_id_1299053,TRUE
company_gleif_id_15845,company_ocdata_id_5129628,FALSE
company_gleif_id_70474,company_ocdata_id_5250150,FALSE
company_gleif_id_100283,company_ocdata_id_904599,FALSE
company_gleif_id_52381,company_ocdata_id_4615968,TRUE
company_gleif_id_77509,company_ocdata_id_5190118,FALSE
company_gleif_id_107291,company_ocdata_id_4416879,FALSE
company_gleif_id_25125,company_ocdata_id_3520917,FALSE
company_gleif_id_147591,company_ocdata_id_4535210,FALSE
company_gleif_id_115032,company_ocdata_id_1658840,TRUE
company_gleif_id_128681,company_ocdata_id_4354601,TRUE
company_gleif_id_80493,company_ocdata_id_3895180,TRUE
company_gleif_id_52892,company_ocdata_id_4944895,FALSE
company_gleif_id_85977,company_ocdata_id_225926,FALSE
company_gleif_id_41455,company_ocdata_id_3195092,FALSE
company_gleif_id_129100,company_ocdata_id_3464360,TRUE
company_gleif_id_46390,company_ocdata_id_2472398,FALSE
company_gleif_id_131435,company_ocdata_id_1407441,FALSE
company_gleif_id_129382,company_ocdata_id_871518,TRUE
company_gleif_id_132274,company_ocdata_id_2541643,TRUE
company_gleif_id_129876,company_ocdata_id_3680140,TRUE
company_gleif_id_65761,company_ocdata_id_4961279,TRUE
company_gleif_id_38958,company_ocdata_id_1609544,TRUE
company_gleif_id_69668,company_ocdata_id_4390815,FALSE
company_gleif_id_94045,company_ocdata_id_4944063,FALSE
company_gleif_id_111539,company_ocdata_id_4549078,TRUE
company_gleif_id_23664,company_ocdata_id_551533,FALSE
company_gleif_id_101873,company_ocdata_id_487108,TRUE
company_gleif_id_9578,company_ocdata_id_73327,FALSE
company_gleif_id_39973,company_ocdata_id_4587242,FALSE
company_gleif_id_75371,company_ocdata_id_3932888,TRUE
company_gleif_id_30242,company_ocdata_id_209145,TRUE
company_gleif_id_126640,company_ocdata_id_4980965,FALSE
