company_gleif_id_138767,company_bisnode_id_746764,1
company_gleif_id_23339,company_bisnode_id_323225,1
company_gleif_id_71167,company_bisnode_id_599390,1
company_gleif_id_101257,company_bisnode_id_326382,1
company_gleif_id_148293,company_bisnode_id_1236192,1
company_gleif_id_139210,company_bisnode_id_617714,1
company_gleif_id_82750,company_bisnode_id_1399595,1
company_gleif_id_116048,company_bisnode_id_1562115,1
company_gleif_id_8131,company_bisnode_id_1491773,1
company_gleif_id_107125,company_bisnode_id_101131,1
company_gleif_id_81993,company_bisnode_id_1559458,1
company_gleif_id_53119,company_bisnode_id_610072,1
company_gleif_id_42897,company_bisnode_id_1401587,1
company_gleif_id_108626,company_bisnode_id_603392,1
company_gleif_id_107253,company_bisnode_id_606416,1
company_gleif_id_123972,company_bisnode_id_623659,1
company_gleif_id_38029,company_bisnode_id_41032,1
company_gleif_id_73072,company_bisnode_id_1328860,1
company_gleif_id_20713,company_bisnode_id_1237219,1
company_gleif_id_141037,company_bisnode_id_215967,1
company_gleif_id_122258,company_bisnode_id_621600,1
company_gleif_id_18543,company_bisnode_id_182279,1
company_gleif_id_62134,company_bisnode_id_609816,1
company_gleif_id_96670,company_bisnode_id_33862,1
company_gleif_id_50820,company_bisnode_id_1562234,1
company_gleif_id_62036,company_bisnode_id_1563201,1
company_gleif_id_83842,company_bisnode_id_48824,1
company_gleif_id_38579,company_bisnode_id_337784,1
company_gleif_id_74565,company_bisnode_id_596138,1
company_gleif_id_110256,company_bisnode_id_646917,1
company_gleif_id_117671,company_bisnode_id_617385,1
company_gleif_id_103429,company_bisnode_id_1442869,1
company_gleif_id_26570,company_bisnode_id_1238503,1
company_gleif_id_77283,company_bisnode_id_649042,1
company_gleif_id_55463,company_bisnode_id_873060,1
company_gleif_id_106063,company_bisnode_id_99717,1
company_gleif_id_14747,company_bisnode_id_1396106,1
company_gleif_id_131718,company_bisnode_id_897251,1
company_gleif_id_139374,company_bisnode_id_1524068,1
company_gleif_id_108441,company_bisnode_id_1184986,1
company_gleif_id_105895,company_bisnode_id_1554198,1
company_gleif_id_54136,company_bisnode_id_1559973,1
company_gleif_id_115725,company_bisnode_id_1527098,1
company_gleif_id_100527,company_bisnode_id_282295,1
company_gleif_id_113398,company_bisnode_id_1392251,1
company_gleif_id_92000,company_bisnode_id_636287,1
company_gleif_id_112047,company_bisnode_id_629120,1
company_gleif_id_10145,company_bisnode_id_431459,1
company_gleif_id_22702,company_bisnode_id_763900,1
company_gleif_id_35658,company_bisnode_id_1233448,1
company_gleif_id_108556,company_bisnode_id_605340,1
company_gleif_id_80629,company_bisnode_id_333654,1
company_gleif_id_111078,company_bisnode_id_643147,1
company_gleif_id_102951,company_bisnode_id_322596,1
company_gleif_id_84546,company_bisnode_id_642792,1
company_gleif_id_141639,company_bisnode_id_214101,1
company_gleif_id_68572,company_bisnode_id_426675,1
company_gleif_id_55504,company_bisnode_id_624040,1
company_gleif_id_66553,company_bisnode_id_644844,1
company_gleif_id_140807,company_bisnode_id_508179,1
company_gleif_id_126311,company_bisnode_id_1274772,1
company_gleif_id_53373,company_bisnode_id_627479,1
company_gleif_id_51532,company_bisnode_id_1404524,1
company_gleif_id_56679,company_bisnode_id_1525099,1
company_gleif_id_134935,company_bisnode_id_181600,1
company_gleif_id_116616,company_bisnode_id_855116,1
company_gleif_id_6672,company_bisnode_id_609893,1
company_gleif_id_41402,company_bisnode_id_583103,1
company_gleif_id_34564,company_bisnode_id_334822,1
company_gleif_id_95659,company_bisnode_id_336123,1
company_gleif_id_87198,company_bisnode_id_630850,1
company_gleif_id_62174,company_bisnode_id_652609,1
company_gleif_id_50064,company_bisnode_id_1236448,1
company_gleif_id_118922,company_bisnode_id_621904,1
company_gleif_id_94622,company_bisnode_id_1188260,1
company_gleif_id_120825,company_bisnode_id_524284,1
company_gleif_id_66702,company_bisnode_id_329473,1
company_gleif_id_65919,company_bisnode_id_596858,1
company_gleif_id_17772,company_bisnode_id_758774,1
company_gleif_id_84664,company_bisnode_id_1393803,1
company_gleif_id_86865,company_bisnode_id_1553270,1
company_gleif_id_127307,company_bisnode_id_323338,1
company_gleif_id_83652,company_bisnode_id_283635,1
company_gleif_id_66711,company_bisnode_id_1384501,1
company_gleif_id_11367,company_bisnode_id_895021,1
company_gleif_id_66841,company_bisnode_id_1445568,1
company_gleif_id_101492,company_bisnode_id_596179,1
company_gleif_id_27402,company_bisnode_id_432763,1
company_gleif_id_60396,company_bisnode_id_323124,1
company_gleif_id_132351,company_bisnode_id_1384577,1
company_gleif_id_119529,company_bisnode_id_323455,1
company_gleif_id_63776,company_bisnode_id_322879,1
company_gleif_id_8792,company_bisnode_id_1390019,1
company_gleif_id_111020,company_bisnode_id_1233679,1
company_gleif_id_100874,company_bisnode_id_1560985,1
company_gleif_id_117209,company_bisnode_id_29165,1
company_gleif_id_84248,company_bisnode_id_644399,1
company_gleif_id_68346,company_bisnode_id_613168,1
company_gleif_id_54978,company_bisnode_id_427298,1
company_gleif_id_136990,company_bisnode_id_985868,1
company_gleif_id_0,company_bisnode_id_229162,0
company_gleif_id_1,company_bisnode_id_311011,0
company_gleif_id_2,company_bisnode_id_274220,0
company_gleif_id_3,company_bisnode_id_255151,0
company_gleif_id_4,company_bisnode_id_18380,0
company_gleif_id_5,company_bisnode_id_181867,0
company_gleif_id_6,company_bisnode_id_202335,0
company_gleif_id_7,company_bisnode_id_286810,0
company_gleif_id_8,company_bisnode_id_84260,0
company_gleif_id_9,company_bisnode_id_49070,0
company_gleif_id_10,company_bisnode_id_42306,0
company_gleif_id_11,company_bisnode_id_125738,0
company_gleif_id_12,company_bisnode_id_55192,0
company_gleif_id_13,company_bisnode_id_260197,0
company_gleif_id_14,company_bisnode_id_56917,0
company_gleif_id_15,company_bisnode_id_6432,0
company_gleif_id_16,company_bisnode_id_44244,0
company_gleif_id_17,company_bisnode_id_141305,0
company_gleif_id_18,company_bisnode_id_246668,0
company_gleif_id_19,company_bisnode_id_40635,0
company_gleif_id_20,company_bisnode_id_238235,0
company_gleif_id_21,company_bisnode_id_264871,0
company_gleif_id_22,company_bisnode_id_185322,0
company_gleif_id_23,company_bisnode_id_37330,0
company_gleif_id_24,company_bisnode_id_122278,0
company_gleif_id_25,company_bisnode_id_38110,0
company_gleif_id_26,company_bisnode_id_233129,0
company_gleif_id_27,company_bisnode_id_316740,0
company_gleif_id_28,company_bisnode_id_167483,0
company_gleif_id_29,company_bisnode_id_200224,0
company_gleif_id_30,company_bisnode_id_84484,0
company_gleif_id_31,company_bisnode_id_15006,0
company_gleif_id_32,company_bisnode_id_287711,0
company_gleif_id_33,company_bisnode_id_55255,0
company_gleif_id_34,company_bisnode_id_126810,0
company_gleif_id_35,company_bisnode_id_250852,0
company_gleif_id_36,company_bisnode_id_207450,0
company_gleif_id_37,company_bisnode_id_292675,0
company_gleif_id_38,company_bisnode_id_102031,0
company_gleif_id_39,company_bisnode_id_17384,0
company_gleif_id_40,company_bisnode_id_165175,0
company_gleif_id_41,company_bisnode_id_139048,0
company_gleif_id_42,company_bisnode_id_281367,0
company_gleif_id_43,company_bisnode_id_135860,0
company_gleif_id_44,company_bisnode_id_112542,0
company_gleif_id_45,company_bisnode_id_5706,0
company_gleif_id_46,company_bisnode_id_38881,0
company_gleif_id_47,company_bisnode_id_100875,0
company_gleif_id_48,company_bisnode_id_63456,0
company_gleif_id_49,company_bisnode_id_13743,0
company_gleif_id_50,company_bisnode_id_46543,0
company_gleif_id_51,company_bisnode_id_8222,0
company_gleif_id_52,company_bisnode_id_292693,0
company_gleif_id_53,company_bisnode_id_215910,0
company_gleif_id_54,company_bisnode_id_68857,0
company_gleif_id_55,company_bisnode_id_9735,0
company_gleif_id_56,company_bisnode_id_45383,0
company_gleif_id_57,company_bisnode_id_162009,0
company_gleif_id_58,company_bisnode_id_196308,0
company_gleif_id_59,company_bisnode_id_122992,0
company_gleif_id_60,company_bisnode_id_299159,0
company_gleif_id_61,company_bisnode_id_339,0
company_gleif_id_62,company_bisnode_id_308427,0
company_gleif_id_63,company_bisnode_id_200175,0
company_gleif_id_64,company_bisnode_id_302413,0
company_gleif_id_65,company_bisnode_id_293590,0
company_gleif_id_66,company_bisnode_id_255235,0
company_gleif_id_67,company_bisnode_id_199854,0
company_gleif_id_68,company_bisnode_id_54192,0
company_gleif_id_69,company_bisnode_id_35618,0
company_gleif_id_70,company_bisnode_id_133047,0
company_gleif_id_71,company_bisnode_id_96903,0
company_gleif_id_72,company_bisnode_id_112215,0
company_gleif_id_73,company_bisnode_id_238857,0
company_gleif_id_74,company_bisnode_id_255901,0
company_gleif_id_75,company_bisnode_id_197132,0
company_gleif_id_76,company_bisnode_id_116299,0
company_gleif_id_77,company_bisnode_id_31167,0
company_gleif_id_78,company_bisnode_id_146693,0
company_gleif_id_79,company_bisnode_id_26341,0
company_gleif_id_80,company_bisnode_id_137490,0
company_gleif_id_81,company_bisnode_id_292788,0
company_gleif_id_82,company_bisnode_id_175985,0
company_gleif_id_83,company_bisnode_id_156397,0
company_gleif_id_84,company_bisnode_id_55010,0
company_gleif_id_85,company_bisnode_id_41335,0
company_gleif_id_86,company_bisnode_id_73890,0
company_gleif_id_87,company_bisnode_id_203149,0
company_gleif_id_88,company_bisnode_id_126533,0
company_gleif_id_89,company_bisnode_id_313263,0
company_gleif_id_90,company_bisnode_id_73821,0
company_gleif_id_91,company_bisnode_id_56080,0
company_gleif_id_92,company_bisnode_id_302529,0
company_gleif_id_93,company_bisnode_id_246933,0
company_gleif_id_94,company_bisnode_id_224429,0
company_gleif_id_95,company_bisnode_id_305722,0
company_gleif_id_96,company_bisnode_id_48859,0
company_gleif_id_97,company_bisnode_id_217374,0
company_gleif_id_98,company_bisnode_id_102673,0
company_gleif_id_99,company_bisnode_id_125104,0
company_gleif_id_100,company_bisnode_id_237836,0
company_gleif_id_101,company_bisnode_id_267287,0
company_gleif_id_102,company_bisnode_id_3242,0
company_gleif_id_103,company_bisnode_id_290025,0
company_gleif_id_104,company_bisnode_id_145817,0
company_gleif_id_105,company_bisnode_id_226774,0
company_gleif_id_106,company_bisnode_id_50246,0
company_gleif_id_107,company_bisnode_id_31787,0
company_gleif_id_108,company_bisnode_id_242525,0
company_gleif_id_109,company_bisnode_id_274091,0
company_gleif_id_110,company_bisnode_id_217911,0
company_gleif_id_111,company_bisnode_id_176758,0
company_gleif_id_112,company_bisnode_id_76904,0
company_gleif_id_113,company_bisnode_id_7817,0
company_gleif_id_114,company_bisnode_id_154641,0
company_gleif_id_115,company_bisnode_id_155888,0
company_gleif_id_116,company_bisnode_id_310188,0
company_gleif_id_117,company_bisnode_id_192571,0
company_gleif_id_118,company_bisnode_id_151109,0
company_gleif_id_119,company_bisnode_id_225693,0
company_gleif_id_120,company_bisnode_id_230940,0
company_gleif_id_121,company_bisnode_id_298953,0
company_gleif_id_122,company_bisnode_id_216512,0
company_gleif_id_123,company_bisnode_id_241250,0
company_gleif_id_124,company_bisnode_id_58799,0
company_gleif_id_125,company_bisnode_id_207112,0
company_gleif_id_126,company_bisnode_id_40466,0
company_gleif_id_127,company_bisnode_id_248612,0
company_gleif_id_128,company_bisnode_id_64683,0
company_gleif_id_129,company_bisnode_id_173670,0
company_gleif_id_130,company_bisnode_id_293284,0
company_gleif_id_131,company_bisnode_id_207082,0
company_gleif_id_132,company_bisnode_id_194256,0
company_gleif_id_133,company_bisnode_id_149202,0
company_gleif_id_134,company_bisnode_id_211377,0
company_gleif_id_135,company_bisnode_id_194935,0
company_gleif_id_136,company_bisnode_id_297849,0
company_gleif_id_137,company_bisnode_id_243808,0
company_gleif_id_138,company_bisnode_id_200237,0
company_gleif_id_139,company_bisnode_id_105426,0
company_gleif_id_140,company_bisnode_id_1734,0
company_gleif_id_141,company_bisnode_id_174837,0
company_gleif_id_142,company_bisnode_id_257436,0
company_gleif_id_143,company_bisnode_id_198467,0
company_gleif_id_144,company_bisnode_id_118443,0
company_gleif_id_145,company_bisnode_id_297429,0
company_gleif_id_146,company_bisnode_id_201231,0
company_gleif_id_147,company_bisnode_id_148209,0
company_gleif_id_148,company_bisnode_id_127636,0
company_gleif_id_149,company_bisnode_id_208383,0
company_gleif_id_150,company_bisnode_id_97899,0
company_gleif_id_151,company_bisnode_id_202686,0
company_gleif_id_152,company_bisnode_id_215457,0
company_gleif_id_153,company_bisnode_id_74094,0
company_gleif_id_154,company_bisnode_id_171393,0
company_gleif_id_155,company_bisnode_id_313854,0
company_gleif_id_156,company_bisnode_id_202076,0
company_gleif_id_157,company_bisnode_id_238671,0
company_gleif_id_158,company_bisnode_id_88471,0
company_gleif_id_159,company_bisnode_id_25169,0
company_gleif_id_160,company_bisnode_id_156309,0
company_gleif_id_161,company_bisnode_id_68322,0
company_gleif_id_162,company_bisnode_id_263182,0
company_gleif_id_163,company_bisnode_id_32737,0
company_gleif_id_164,company_bisnode_id_91037,0
company_gleif_id_165,company_bisnode_id_4011,0
company_gleif_id_166,company_bisnode_id_139901,0
company_gleif_id_167,company_bisnode_id_272491,0
company_gleif_id_168,company_bisnode_id_190230,0
company_gleif_id_169,company_bisnode_id_170268,0
company_gleif_id_170,company_bisnode_id_125737,0
company_gleif_id_171,company_bisnode_id_244433,0
company_gleif_id_172,company_bisnode_id_8987,0
company_gleif_id_173,company_bisnode_id_12092,0
company_gleif_id_174,company_bisnode_id_276017,0
company_gleif_id_175,company_bisnode_id_29212,0
company_gleif_id_176,company_bisnode_id_223432,0
company_gleif_id_177,company_bisnode_id_136943,0
company_gleif_id_178,company_bisnode_id_107602,0
company_gleif_id_179,company_bisnode_id_302750,0
company_gleif_id_180,company_bisnode_id_131257,0
company_gleif_id_181,company_bisnode_id_5947,0
company_gleif_id_182,company_bisnode_id_114889,0
company_gleif_id_183,company_bisnode_id_62105,0
company_gleif_id_184,company_bisnode_id_91216,0
company_gleif_id_185,company_bisnode_id_234486,0
company_gleif_id_186,company_bisnode_id_165933,0
company_gleif_id_187,company_bisnode_id_306916,0
company_gleif_id_188,company_bisnode_id_195278,0
company_gleif_id_189,company_bisnode_id_88986,0
company_gleif_id_190,company_bisnode_id_247551,0
company_gleif_id_191,company_bisnode_id_225583,0
company_gleif_id_192,company_bisnode_id_243984,0
company_gleif_id_193,company_bisnode_id_35269,0
company_gleif_id_194,company_bisnode_id_95475,0
company_gleif_id_195,company_bisnode_id_284223,0
company_gleif_id_196,company_bisnode_id_249206,0
company_gleif_id_197,company_bisnode_id_200977,0
company_gleif_id_198,company_bisnode_id_14206,0
company_gleif_id_199,company_bisnode_id_38942,0
company_gleif_id_200,company_bisnode_id_282513,0
company_gleif_id_201,company_bisnode_id_245867,0
company_gleif_id_202,company_bisnode_id_113526,0
company_gleif_id_203,company_bisnode_id_241892,0
company_gleif_id_204,company_bisnode_id_124891,0
company_gleif_id_205,company_bisnode_id_51265,0
company_gleif_id_206,company_bisnode_id_116565,0
company_gleif_id_207,company_bisnode_id_189021,0
company_gleif_id_208,company_bisnode_id_263036,0
company_gleif_id_209,company_bisnode_id_118320,0
company_gleif_id_210,company_bisnode_id_215328,0
company_gleif_id_211,company_bisnode_id_233825,0
company_gleif_id_212,company_bisnode_id_201487,0
company_gleif_id_213,company_bisnode_id_53430,0
company_gleif_id_214,company_bisnode_id_68572,0
company_gleif_id_215,company_bisnode_id_8988,0
company_gleif_id_216,company_bisnode_id_178112,0
company_gleif_id_217,company_bisnode_id_204010,0
company_gleif_id_218,company_bisnode_id_294136,0
company_gleif_id_219,company_bisnode_id_290752,0
company_gleif_id_220,company_bisnode_id_73896,0
company_gleif_id_221,company_bisnode_id_197481,0
company_gleif_id_222,company_bisnode_id_200955,0
company_gleif_id_223,company_bisnode_id_228851,0
company_gleif_id_224,company_bisnode_id_168863,0
company_gleif_id_225,company_bisnode_id_58349,0
company_gleif_id_226,company_bisnode_id_48531,0
company_gleif_id_227,company_bisnode_id_24932,0
company_gleif_id_228,company_bisnode_id_303781,0
company_gleif_id_229,company_bisnode_id_16108,0
company_gleif_id_230,company_bisnode_id_177309,0
company_gleif_id_231,company_bisnode_id_180509,0
company_gleif_id_232,company_bisnode_id_294554,0
company_gleif_id_233,company_bisnode_id_311469,0
company_gleif_id_234,company_bisnode_id_98484,0
company_gleif_id_235,company_bisnode_id_201162,0
company_gleif_id_236,company_bisnode_id_274273,0
company_gleif_id_237,company_bisnode_id_290213,0
company_gleif_id_238,company_bisnode_id_3329,0
company_gleif_id_239,company_bisnode_id_234545,0
company_gleif_id_240,company_bisnode_id_271741,0
company_gleif_id_241,company_bisnode_id_274189,0
company_gleif_id_242,company_bisnode_id_270281,0
company_gleif_id_243,company_bisnode_id_50669,0
company_gleif_id_244,company_bisnode_id_87085,0
company_gleif_id_245,company_bisnode_id_112467,0
company_gleif_id_246,company_bisnode_id_101513,0
company_gleif_id_247,company_bisnode_id_125324,0
company_gleif_id_248,company_bisnode_id_236931,0
company_gleif_id_249,company_bisnode_id_78744,0
company_gleif_id_35840,company_bisnode_id_1004571,1
company_gleif_id_67129,company_bisnode_id_204870,0
company_gleif_id_73545,company_bisnode_id_1166681,1
company_gleif_id_13282,company_bisnode_id_1189418,1
company_gleif_id_60478,company_bisnode_id_537060,0
company_gleif_id_16562,company_bisnode_id_379754,0
company_gleif_id_98304,company_bisnode_id_1435323,1
company_gleif_id_109089,company_bisnode_id_1129254,1
company_gleif_id_31294,company_bisnode_id_1043246,1
company_gleif_id_64133,company_bisnode_id_288090,0
company_gleif_id_85086,company_bisnode_id_1355532,0
company_gleif_id_107849,company_bisnode_id_527213,1
company_gleif_id_127064,company_bisnode_id_827934,1
company_gleif_id_80240,company_bisnode_id_1245670,1
company_gleif_id_114508,company_bisnode_id_134977,1
company_gleif_id_3860,company_bisnode_id_1555682,1
company_gleif_id_2608,company_bisnode_id_1436483,0
company_gleif_id_77075,company_bisnode_id_359273,1
company_gleif_id_75629,company_bisnode_id_821022,1
company_gleif_id_36875,company_bisnode_id_171690,1
company_gleif_id_106396,company_bisnode_id_236353,1
company_gleif_id_22403,company_bisnode_id_1355469,0
company_gleif_id_106301,company_bisnode_id_272511,1
company_gleif_id_78947,company_bisnode_id_240321,0
company_gleif_id_60279,company_bisnode_id_504582,1
company_gleif_id_27072,company_bisnode_id_274589,1
company_gleif_id_67341,company_bisnode_id_1408867,1
company_gleif_id_61073,company_bisnode_id_502246,0
company_gleif_id_116246,company_bisnode_id_686256,1
company_gleif_id_114950,company_bisnode_id_145862,1
company_gleif_id_43062,company_bisnode_id_684360,1
company_gleif_id_97361,company_bisnode_id_1061253,1
company_gleif_id_7441,company_bisnode_id_221828,0
company_gleif_id_119766,company_bisnode_id_1120905,1
company_gleif_id_66192,company_bisnode_id_355009,0
company_gleif_id_97956,company_bisnode_id_68313,1
company_gleif_id_111909,company_bisnode_id_406929,1
company_gleif_id_99857,company_bisnode_id_1513408,1
company_gleif_id_26934,company_bisnode_id_1371485,0
company_gleif_id_6136,company_bisnode_id_352352,1
company_gleif_id_145391,company_bisnode_id_1043276,1
company_gleif_id_122121,company_bisnode_id_456307,1
company_gleif_id_25660,company_bisnode_id_1067020,0
company_gleif_id_3469,company_bisnode_id_234729,1
company_gleif_id_116666,company_bisnode_id_699966,1
company_gleif_id_105013,company_bisnode_id_573069,1
company_gleif_id_148238,company_bisnode_id_150507,1
company_gleif_id_1818,company_bisnode_id_155147,0
company_gleif_id_5319,company_bisnode_id_1144320,1
company_gleif_id_79387,company_bisnode_id_504902,0
company_gleif_id_56930,company_bisnode_id_738213,1
company_gleif_id_147514,company_bisnode_id_743417,1
company_gleif_id_15952,company_bisnode_id_882332,1
company_gleif_id_3085,company_bisnode_id_1209145,1
company_gleif_id_102840,company_bisnode_id_1428153,1
company_gleif_id_138655,company_bisnode_id_1239486,0
company_gleif_id_94269,company_bisnode_id_379984,1
company_gleif_id_118280,company_bisnode_id_1372930,1
company_gleif_id_29188,company_bisnode_id_1498014,1
company_gleif_id_130789,company_bisnode_id_516318,1
company_gleif_id_49912,company_bisnode_id_232026,0
company_gleif_id_28081,company_bisnode_id_309963,1
company_gleif_id_37618,company_bisnode_id_883719,0
company_gleif_id_112659,company_bisnode_id_309263,1
company_gleif_id_87193,company_bisnode_id_1069643,1
company_gleif_id_62853,company_bisnode_id_720028,0
company_gleif_id_117835,company_bisnode_id_1014760,1
company_gleif_id_137173,company_bisnode_id_699464,1
company_gleif_id_54533,company_bisnode_id_14823,1
company_gleif_id_134687,company_bisnode_id_1543726,1
company_gleif_id_117045,company_bisnode_id_1295300,0
company_gleif_id_63906,company_bisnode_id_476895,1
company_gleif_id_29048,company_bisnode_id_46140,1
company_gleif_id_49250,company_bisnode_id_887699,1
company_gleif_id_26645,company_bisnode_id_849979,1
company_gleif_id_64471,company_bisnode_id_874729,0
company_gleif_id_93435,company_bisnode_id_459310,1
company_gleif_id_105920,company_bisnode_id_541229,0
company_gleif_id_34935,company_bisnode_id_781754,1
company_gleif_id_56190,company_bisnode_id_570097,0
company_gleif_id_132633,company_bisnode_id_264167,1
company_gleif_id_33075,company_bisnode_id_682695,1
company_gleif_id_140270,company_bisnode_id_1411148,0
company_gleif_id_109215,company_bisnode_id_842314,0
company_gleif_id_55193,company_bisnode_id_1341868,1
company_gleif_id_60401,company_bisnode_id_1160691,1
company_gleif_id_47531,company_bisnode_id_951670,0
company_gleif_id_138199,company_bisnode_id_1092436,1
company_gleif_id_82723,company_bisnode_id_1471221,1
company_gleif_id_120906,company_bisnode_id_156797,0
company_gleif_id_89401,company_bisnode_id_1328219,0
company_gleif_id_4524,company_bisnode_id_942736,0
company_gleif_id_112247,company_bisnode_id_695471,1
company_gleif_id_36272,company_bisnode_id_368847,0
company_gleif_id_72202,company_bisnode_id_107429,0
company_gleif_id_112501,company_bisnode_id_1159259,1
company_gleif_id_43660,company_bisnode_id_1284521,1
company_gleif_id_145144,company_bisnode_id_1454872,0
company_gleif_id_141645,company_bisnode_id_1288103,0
company_gleif_id_30790,company_bisnode_id_540418,1
company_gleif_id_124314,company_bisnode_id_1102084,1
company_gleif_id_92558,company_bisnode_id_1101448,1
company_gleif_id_91677,company_bisnode_id_434797,1
company_gleif_id_79171,company_bisnode_id_1521995,1
company_gleif_id_61787,company_bisnode_id_652165,1
company_gleif_id_63398,company_bisnode_id_751338,1
company_gleif_id_143001,company_bisnode_id_280493,1
company_gleif_id_99530,company_bisnode_id_1402834,0
company_gleif_id_146999,company_bisnode_id_954633,1
company_gleif_id_5302,company_bisnode_id_1390120,1
company_gleif_id_23605,company_bisnode_id_3930,1
company_gleif_id_135238,company_bisnode_id_426827,1
company_gleif_id_62304,company_bisnode_id_230989,1
company_gleif_id_81453,company_bisnode_id_597562,0
company_gleif_id_107823,company_bisnode_id_853875,1
company_gleif_id_48793,company_bisnode_id_1406637,0
company_gleif_id_72616,company_bisnode_id_208541,1
company_gleif_id_64778,company_bisnode_id_654192,1
company_gleif_id_1388,company_bisnode_id_602157,1
company_gleif_id_41510,company_bisnode_id_782757,1
company_gleif_id_64329,company_bisnode_id_330258,1
company_gleif_id_144032,company_bisnode_id_1443451,0
company_gleif_id_11669,company_bisnode_id_229174,1
company_gleif_id_99789,company_bisnode_id_536988,1
company_gleif_id_69162,company_bisnode_id_35937,1
company_gleif_id_102649,company_bisnode_id_93923,1
company_gleif_id_10836,company_bisnode_id_214646,1
company_gleif_id_52475,company_bisnode_id_1188139,1
company_gleif_id_116898,company_bisnode_id_1117351,1
company_gleif_id_131122,company_bisnode_id_293485,1
company_gleif_id_116440,company_bisnode_id_1444116,0
company_gleif_id_94895,company_bisnode_id_508005,1
company_gleif_id_52834,company_bisnode_id_609284,0
company_gleif_id_66568,company_bisnode_id_651747,1
company_gleif_id_104451,company_bisnode_id_75078,1
company_gleif_id_34399,company_bisnode_id_758412,1
company_gleif_id_40927,company_bisnode_id_1188353,1
company_gleif_id_54249,company_bisnode_id_92942,1
company_gleif_id_67197,company_bisnode_id_960496,1
company_gleif_id_111017,company_bisnode_id_605495,1
company_gleif_id_57303,company_bisnode_id_1994,0
company_gleif_id_72557,company_bisnode_id_327174,1
company_gleif_id_120753,company_bisnode_id_596770,1
company_gleif_id_35751,company_bisnode_id_813580,1
company_gleif_id_40522,company_bisnode_id_1518774,0
company_gleif_id_21696,company_bisnode_id_642452,1
company_gleif_id_59883,company_bisnode_id_182022,0
company_gleif_id_120684,company_bisnode_id_1443655,0
company_gleif_id_125143,company_bisnode_id_47899,0
company_gleif_id_95104,company_bisnode_id_967405,0
