company_authorities_id_372,company_gleif_id_32836,TRUE
company_authorities_id_674,company_gleif_id_126958,TRUE
company_authorities_id_961,company_gleif_id_77942,TRUE
company_authorities_id_0,company_gleif_id_0,FALSE
company_authorities_id_1,company_gleif_id_0,FALSE
company_authorities_id_2,company_gleif_id_0,FALSE
company_authorities_id_3,company_gleif_id_0,FALSE
company_authorities_id_4,company_gleif_id_0,FALSE
company_authorities_id_5,company_gleif_id_0,FALSE
company_authorities_id_6,company_gleif_id_0,FALSE
