company_authorities_id_12,company_bisnode_id_1288136,TRUE
company_authorities_id_904,company_bisnode_id_1476226,TRUE
company_authorities_id_942,company_bisnode_id_204855,TRUE
company_authorities_id_955,company_bisnode_id_140286,TRUE
company_authorities_id_0,company_bisnode_id_0,FALSE
company_authorities_id_1,company_bisnode_id_0,FALSE
company_authorities_id_2,company_bisnode_id_0,FALSE
company_authorities_id_3,company_bisnode_id_0,FALSE
company_authorities_id_4,company_bisnode_id_0,FALSE
company_authorities_id_5,company_bisnode_id_0,FALSE
company_authorities_id_6,company_bisnode_id_0,FALSE
company_authorities_id_7,company_bisnode_id_0,FALSE
company_authorities_id_8,company_bisnode_id_0,FALSE
company_authorities_id_9,company_bisnode_id_0,FALSE
company_authorities_id_10,company_bisnode_id_0,FALSE
company_authorities_id_11,company_bisnode_id_0,FALSE
