company_authorities_id_16,company_ocdata_id_2362767,TRUE
company_authorities_id_904,company_ocdata_id_207454,TRUE
company_authorities_id_760,company_ocdata_id_3861872,TRUE
company_authorities_id_922,company_ocdata_id_314643,TRUE
company_authorities_id_754,company_ocdata_id_3653797,TRUE
company_authorities_id_763,company_ocdata_id_4315870,TRUE
company_authorities_id_284,company_ocdata_id_2133150,TRUE
company_authorities_id_955,company_ocdata_id_4470963,TRUE
company_authorities_id_910,company_ocdata_id_2268315,TRUE
company_authorities_id_767,company_ocdata_id_3109947,TRUE
company_authorities_id_942,company_ocdata_id_445147,TRUE
company_authorities_id_0,company_ocdata_id_1704714,FALSE
company_authorities_id_2,company_ocdata_id_4476695,FALSE
company_authorities_id_4,company_ocdata_id_1880831,FALSE
company_authorities_id_6,company_ocdata_id_2470703,FALSE
company_authorities_id_8,company_ocdata_id_3203133,FALSE
company_authorities_id_10,company_ocdata_id_4818194,FALSE
company_authorities_id_12,company_ocdata_id_4179252,FALSE
company_authorities_id_14,company_ocdata_id_285252,FALSE
company_authorities_id_16,company_ocdata_id_864678,FALSE
company_authorities_id_18,company_ocdata_id_496009,FALSE
company_authorities_id_20,company_ocdata_id_2111157,FALSE
company_authorities_id_22,company_ocdata_id_4385128,FALSE
company_authorities_id_24,company_ocdata_id_5081251,FALSE
company_authorities_id_26,company_ocdata_id_2962151,FALSE
company_authorities_id_28,company_ocdata_id_1180548,FALSE
company_authorities_id_30,company_ocdata_id_5104534,FALSE
company_authorities_id_32,company_ocdata_id_100038,FALSE
company_authorities_id_34,company_ocdata_id_4224385,FALSE
company_authorities_id_36,company_ocdata_id_5229680,FALSE
company_authorities_id_38,company_ocdata_id_2539321,FALSE
company_authorities_id_40,company_ocdata_id_4326042,FALSE
company_authorities_id_42,company_ocdata_id_3512008,FALSE
company_authorities_id_44,company_ocdata_id_3650446,FALSE
company_authorities_id_46,company_ocdata_id_1841334,FALSE
company_authorities_id_48,company_ocdata_id_2255077,FALSE
company_authorities_id_50,company_ocdata_id_4358178,FALSE
company_authorities_id_52,company_ocdata_id_3957772,FALSE
company_authorities_id_54,company_ocdata_id_386947,FALSE
company_authorities_id_56,company_ocdata_id_1228268,FALSE
company_authorities_id_58,company_ocdata_id_1587907,FALSE
company_authorities_id_60,company_ocdata_id_4200081,FALSE
company_authorities_id_62,company_ocdata_id_3345154,FALSE
company_authorities_id_64,company_ocdata_id_4693294,FALSE
company_authorities_id_66,company_ocdata_id_4177380,FALSE
company_authorities_id_68,company_ocdata_id_1335262,FALSE
company_authorities_id_70,company_ocdata_id_2238280,FALSE
company_authorities_id_72,company_ocdata_id_2975343,FALSE
company_authorities_id_74,company_ocdata_id_1440609,FALSE
company_authorities_id_76,company_ocdata_id_2962193,FALSE
company_authorities_id_78,company_ocdata_id_4826695,FALSE
company_authorities_id_80,company_ocdata_id_3457816,FALSE
company_authorities_id_82,company_ocdata_id_1445681,FALSE
company_authorities_id_84,company_ocdata_id_266367,FALSE
company_authorities_id_86,company_ocdata_id_614471,FALSE
company_authorities_id_88,company_ocdata_id_1837443,FALSE
company_authorities_id_90,company_ocdata_id_3351061,FALSE
company_authorities_id_92,company_ocdata_id_3001478,FALSE
company_authorities_id_94,company_ocdata_id_2129614,FALSE
company_authorities_id_96,company_ocdata_id_1188235,FALSE
company_authorities_id_98,company_ocdata_id_2096883,FALSE
company_authorities_id_100,company_ocdata_id_1153532,FALSE
company_authorities_id_102,company_ocdata_id_3254816,FALSE
company_authorities_id_104,company_ocdata_id_4884005,FALSE
company_authorities_id_106,company_ocdata_id_4713907,FALSE
company_authorities_id_108,company_ocdata_id_3576086,FALSE
company_authorities_id_110,company_ocdata_id_341212,FALSE
company_authorities_id_112,company_ocdata_id_5080958,FALSE
company_authorities_id_114,company_ocdata_id_361738,FALSE
company_authorities_id_116,company_ocdata_id_2768233,FALSE
company_authorities_id_118,company_ocdata_id_429887,FALSE
company_authorities_id_120,company_ocdata_id_690931,FALSE
company_authorities_id_122,company_ocdata_id_4509481,FALSE
company_authorities_id_124,company_ocdata_id_3341529,FALSE
company_authorities_id_126,company_ocdata_id_1061340,FALSE
company_authorities_id_128,company_ocdata_id_1220643,FALSE
company_authorities_id_130,company_ocdata_id_2284807,FALSE
company_authorities_id_132,company_ocdata_id_2339803,FALSE
company_authorities_id_134,company_ocdata_id_5064454,FALSE
company_authorities_id_136,company_ocdata_id_1679805,FALSE
company_authorities_id_138,company_ocdata_id_3514590,FALSE
company_authorities_id_140,company_ocdata_id_2028365,FALSE
company_authorities_id_142,company_ocdata_id_2702560,FALSE
company_authorities_id_144,company_ocdata_id_4731325,FALSE
company_authorities_id_146,company_ocdata_id_4850287,FALSE
company_authorities_id_148,company_ocdata_id_3784636,FALSE
company_authorities_id_150,company_ocdata_id_2912835,FALSE
company_authorities_id_152,company_ocdata_id_1029487,FALSE
company_authorities_id_154,company_ocdata_id_920955,FALSE
company_authorities_id_156,company_ocdata_id_2434930,FALSE
company_authorities_id_158,company_ocdata_id_3124351,FALSE
company_authorities_id_160,company_ocdata_id_2521622,FALSE
company_authorities_id_162,company_ocdata_id_4860870,FALSE
company_authorities_id_164,company_ocdata_id_4711903,FALSE
company_authorities_id_166,company_ocdata_id_2623077,FALSE
company_authorities_id_168,company_ocdata_id_3004760,FALSE
company_authorities_id_170,company_ocdata_id_3087210,FALSE
company_authorities_id_172,company_ocdata_id_4746251,FALSE
company_authorities_id_174,company_ocdata_id_1222618,FALSE
company_authorities_id_176,company_ocdata_id_5118554,FALSE
company_authorities_id_178,company_ocdata_id_1004510,FALSE
company_authorities_id_180,company_ocdata_id_1401140,FALSE
company_authorities_id_182,company_ocdata_id_2722797,FALSE
company_authorities_id_184,company_ocdata_id_1384776,FALSE
company_authorities_id_186,company_ocdata_id_282058,FALSE
company_authorities_id_188,company_ocdata_id_2817288,FALSE
company_authorities_id_190,company_ocdata_id_4116054,FALSE
company_authorities_id_192,company_ocdata_id_3863796,FALSE
company_authorities_id_194,company_ocdata_id_4086122,FALSE
company_authorities_id_196,company_ocdata_id_2613153,FALSE
company_authorities_id_198,company_ocdata_id_4212354,FALSE
company_authorities_id_200,company_ocdata_id_2802137,FALSE
company_authorities_id_202,company_ocdata_id_2962924,FALSE
company_authorities_id_204,company_ocdata_id_4549272,FALSE
company_authorities_id_206,company_ocdata_id_681331,FALSE
company_authorities_id_208,company_ocdata_id_752028,FALSE
company_authorities_id_210,company_ocdata_id_1637236,FALSE
company_authorities_id_212,company_ocdata_id_393992,FALSE
company_authorities_id_214,company_ocdata_id_5135765,FALSE
company_authorities_id_216,company_ocdata_id_3793504,FALSE
company_authorities_id_218,company_ocdata_id_5047411,FALSE
company_authorities_id_220,company_ocdata_id_2216948,FALSE
company_authorities_id_222,company_ocdata_id_922594,FALSE
company_authorities_id_224,company_ocdata_id_4770862,FALSE
company_authorities_id_226,company_ocdata_id_3568906,FALSE
company_authorities_id_228,company_ocdata_id_3416935,FALSE
company_authorities_id_230,company_ocdata_id_2655297,FALSE
company_authorities_id_232,company_ocdata_id_1183517,FALSE
company_authorities_id_234,company_ocdata_id_1430313,FALSE
company_authorities_id_236,company_ocdata_id_2124343,FALSE
company_authorities_id_238,company_ocdata_id_1229084,FALSE
company_authorities_id_240,company_ocdata_id_3636058,FALSE
company_authorities_id_242,company_ocdata_id_202223,FALSE
company_authorities_id_244,company_ocdata_id_1738073,FALSE
company_authorities_id_246,company_ocdata_id_895311,FALSE
company_authorities_id_248,company_ocdata_id_3330182,FALSE
company_authorities_id_250,company_ocdata_id_3565181,FALSE
company_authorities_id_252,company_ocdata_id_217581,FALSE
company_authorities_id_254,company_ocdata_id_286812,FALSE
company_authorities_id_256,company_ocdata_id_1680525,FALSE
company_authorities_id_258,company_ocdata_id_635142,FALSE
company_authorities_id_260,company_ocdata_id_745827,FALSE
company_authorities_id_262,company_ocdata_id_3550234,FALSE
company_authorities_id_264,company_ocdata_id_2187279,FALSE
company_authorities_id_266,company_ocdata_id_270647,FALSE
company_authorities_id_268,company_ocdata_id_4513923,FALSE
company_authorities_id_270,company_ocdata_id_968079,FALSE
company_authorities_id_272,company_ocdata_id_3683959,FALSE
company_authorities_id_274,company_ocdata_id_3492240,FALSE
company_authorities_id_276,company_ocdata_id_2178448,FALSE
company_authorities_id_278,company_ocdata_id_595853,FALSE
company_authorities_id_280,company_ocdata_id_3168602,FALSE
company_authorities_id_282,company_ocdata_id_2975972,FALSE
company_authorities_id_284,company_ocdata_id_768543,FALSE
company_authorities_id_286,company_ocdata_id_1527474,FALSE
company_authorities_id_288,company_ocdata_id_1728773,FALSE
company_authorities_id_290,company_ocdata_id_1720602,FALSE
company_authorities_id_292,company_ocdata_id_1536174,FALSE
company_authorities_id_294,company_ocdata_id_3650575,FALSE
company_authorities_id_296,company_ocdata_id_139936,FALSE
company_authorities_id_298,company_ocdata_id_3472822,FALSE
company_authorities_id_300,company_ocdata_id_920704,FALSE
company_authorities_id_302,company_ocdata_id_2699414,FALSE
company_authorities_id_304,company_ocdata_id_3905108,FALSE
company_authorities_id_306,company_ocdata_id_3614383,FALSE
company_authorities_id_308,company_ocdata_id_1569858,FALSE
company_authorities_id_310,company_ocdata_id_1086758,FALSE
company_authorities_id_312,company_ocdata_id_2017977,FALSE
company_authorities_id_314,company_ocdata_id_1014942,FALSE
company_authorities_id_316,company_ocdata_id_3457235,FALSE
company_authorities_id_318,company_ocdata_id_1785494,FALSE
company_authorities_id_320,company_ocdata_id_1663902,FALSE
company_authorities_id_322,company_ocdata_id_174999,FALSE
company_authorities_id_324,company_ocdata_id_2561049,FALSE
company_authorities_id_326,company_ocdata_id_3408474,FALSE
company_authorities_id_328,company_ocdata_id_2017785,FALSE
company_authorities_id_330,company_ocdata_id_3457200,FALSE
company_authorities_id_332,company_ocdata_id_604095,FALSE
company_authorities_id_334,company_ocdata_id_2484591,FALSE
company_authorities_id_336,company_ocdata_id_4073419,FALSE
company_authorities_id_338,company_ocdata_id_3802904,FALSE
company_authorities_id_340,company_ocdata_id_1290027,FALSE
company_authorities_id_342,company_ocdata_id_2599836,FALSE
company_authorities_id_344,company_ocdata_id_5142386,FALSE
company_authorities_id_346,company_ocdata_id_472860,FALSE
company_authorities_id_348,company_ocdata_id_975826,FALSE
company_authorities_id_350,company_ocdata_id_2803776,FALSE
company_authorities_id_352,company_ocdata_id_336624,FALSE
company_authorities_id_354,company_ocdata_id_3887181,FALSE
company_authorities_id_356,company_ocdata_id_2753174,FALSE
company_authorities_id_358,company_ocdata_id_3359938,FALSE
company_authorities_id_360,company_ocdata_id_5244977,FALSE
company_authorities_id_362,company_ocdata_id_3737602,FALSE
company_authorities_id_364,company_ocdata_id_2560531,FALSE
company_authorities_id_366,company_ocdata_id_2487000,FALSE
company_authorities_id_368,company_ocdata_id_2589921,FALSE
company_authorities_id_370,company_ocdata_id_808569,FALSE
company_authorities_id_372,company_ocdata_id_3296640,FALSE
company_authorities_id_374,company_ocdata_id_1710419,FALSE
company_authorities_id_376,company_ocdata_id_4327834,FALSE
company_authorities_id_378,company_ocdata_id_1831716,FALSE
company_authorities_id_380,company_ocdata_id_2187914,FALSE
company_authorities_id_382,company_ocdata_id_697346,FALSE
company_authorities_id_384,company_ocdata_id_5224202,FALSE
company_authorities_id_386,company_ocdata_id_168320,FALSE
company_authorities_id_388,company_ocdata_id_2648666,FALSE
company_authorities_id_390,company_ocdata_id_2876486,FALSE
company_authorities_id_392,company_ocdata_id_507313,FALSE
company_authorities_id_394,company_ocdata_id_1936807,FALSE
company_authorities_id_396,company_ocdata_id_2265473,FALSE
company_authorities_id_398,company_ocdata_id_2740750,FALSE
company_authorities_id_195,company_ocdata_id_4284052,FALSE
company_authorities_id_255,company_ocdata_id_1944553,FALSE
company_authorities_id_302,company_ocdata_id_4589983,FALSE
company_authorities_id_310,company_ocdata_id_1873123,FALSE
company_authorities_id_394,company_ocdata_id_375122,TRUE
company_authorities_id_436,company_ocdata_id_5126924,FALSE
company_authorities_id_760,company_ocdata_id_4560946,FALSE
company_authorities_id_865,company_ocdata_id_4299939,FALSE
company_authorities_id_922,company_ocdata_id_1210445,TRUE
