company_gleif_id_29462,company_ocdata_id_2218602,TRUE
company_gleif_id_29789,company_ocdata_id_1520343,TRUE
company_gleif_id_110797,company_ocdata_id_1404314,TRUE
company_gleif_id_65705,company_ocdata_id_3804440,TRUE
company_gleif_id_85738,company_ocdata_id_1553633,TRUE
company_gleif_id_129430,company_ocdata_id_1054249,TRUE
company_gleif_id_97764,company_ocdata_id_923032,TRUE
company_gleif_id_2517,company_ocdata_id_3574102,TRUE
company_gleif_id_79994,company_ocdata_id_340878,TRUE
company_gleif_id_56916,company_ocdata_id_3882751,TRUE
company_gleif_id_110546,company_ocdata_id_3041689,TRUE
company_gleif_id_26472,company_ocdata_id_2253265,TRUE
company_gleif_id_139747,company_ocdata_id_2725364,TRUE
company_gleif_id_14284,company_ocdata_id_1206663,TRUE
company_gleif_id_72804,company_ocdata_id_3206193,TRUE
company_gleif_id_141464,company_ocdata_id_3358410,TRUE
company_gleif_id_24832,company_ocdata_id_3013698,TRUE
company_gleif_id_40449,company_ocdata_id_939200,TRUE
company_gleif_id_48540,company_ocdata_id_3506859,TRUE
company_gleif_id_85487,company_ocdata_id_1561664,TRUE
company_gleif_id_102983,company_ocdata_id_2085951,TRUE
company_gleif_id_80120,company_ocdata_id_2286504,TRUE
company_gleif_id_60594,company_ocdata_id_2546895,TRUE
company_gleif_id_134013,company_ocdata_id_1920942,TRUE
company_gleif_id_115305,company_ocdata_id_5204996,TRUE
company_gleif_id_53778,company_ocdata_id_2033270,TRUE
company_gleif_id_55702,company_ocdata_id_276490,TRUE
company_gleif_id_23047,company_ocdata_id_54092,TRUE
company_gleif_id_106290,company_ocdata_id_4327183,TRUE
company_gleif_id_50944,company_ocdata_id_4399511,TRUE
company_gleif_id_143587,company_ocdata_id_3690532,TRUE
company_gleif_id_70380,company_ocdata_id_4760734,TRUE
company_gleif_id_78040,company_ocdata_id_3348490,TRUE
company_gleif_id_104629,company_ocdata_id_2840757,TRUE
company_gleif_id_124554,company_ocdata_id_4115767,TRUE
company_gleif_id_116003,company_ocdata_id_2358393,TRUE
company_gleif_id_6198,company_ocdata_id_1522586,TRUE
company_gleif_id_83284,company_ocdata_id_3963829,TRUE
company_gleif_id_78584,company_ocdata_id_4157995,TRUE
company_gleif_id_97876,company_ocdata_id_4484212,TRUE
company_gleif_id_147974,company_ocdata_id_699738,TRUE
company_gleif_id_140022,company_ocdata_id_1928574,TRUE
company_gleif_id_134671,company_ocdata_id_3531107,TRUE
company_gleif_id_134440,company_ocdata_id_2829506,TRUE
company_gleif_id_5727,company_ocdata_id_1524125,TRUE
company_gleif_id_132776,company_ocdata_id_2722881,TRUE
company_gleif_id_73326,company_ocdata_id_4483657,TRUE
company_gleif_id_116592,company_ocdata_id_4793648,TRUE
company_gleif_id_125232,company_ocdata_id_1787656,TRUE
company_gleif_id_112392,company_ocdata_id_1326016,TRUE
company_gleif_id_22758,company_ocdata_id_1638243,TRUE
company_gleif_id_51406,company_ocdata_id_3097383,TRUE
company_gleif_id_66354,company_ocdata_id_2045361,TRUE
company_gleif_id_11510,company_ocdata_id_5095261,TRUE
company_gleif_id_18100,company_ocdata_id_300304,TRUE
company_gleif_id_41375,company_ocdata_id_4478426,TRUE
company_gleif_id_21803,company_ocdata_id_534950,TRUE
company_gleif_id_115571,company_ocdata_id_269384,TRUE
company_gleif_id_119778,company_ocdata_id_4954361,TRUE
company_gleif_id_57999,company_ocdata_id_4216317,TRUE
company_gleif_id_116351,company_ocdata_id_1295436,TRUE
company_gleif_id_123134,company_ocdata_id_4539616,TRUE
company_gleif_id_32970,company_ocdata_id_3746082,TRUE
company_gleif_id_24579,company_ocdata_id_5180729,TRUE
company_gleif_id_133608,company_ocdata_id_493745,TRUE
company_gleif_id_136092,company_ocdata_id_2947985,TRUE
company_gleif_id_19306,company_ocdata_id_34750,TRUE
company_gleif_id_78513,company_ocdata_id_2677086,TRUE
company_gleif_id_58838,company_ocdata_id_2913533,TRUE
company_gleif_id_30514,company_ocdata_id_1467216,TRUE
company_gleif_id_128623,company_ocdata_id_541013,TRUE
company_gleif_id_42708,company_ocdata_id_3160566,TRUE
company_gleif_id_37720,company_ocdata_id_4257991,TRUE
company_gleif_id_93685,company_ocdata_id_4135011,TRUE
company_gleif_id_89432,company_ocdata_id_896521,TRUE
company_gleif_id_133713,company_ocdata_id_3144887,TRUE
company_gleif_id_90624,company_ocdata_id_3221697,TRUE
company_gleif_id_53304,company_ocdata_id_2299013,TRUE
company_gleif_id_147814,company_ocdata_id_682028,TRUE
company_gleif_id_51471,company_ocdata_id_1304348,TRUE
company_gleif_id_19453,company_ocdata_id_4119443,TRUE
company_gleif_id_46893,company_ocdata_id_4294161,TRUE
company_gleif_id_80476,company_ocdata_id_4344860,TRUE
company_gleif_id_103418,company_ocdata_id_299659,TRUE
company_gleif_id_53860,company_ocdata_id_697877,TRUE
company_gleif_id_98711,company_ocdata_id_2720390,TRUE
company_gleif_id_26965,company_ocdata_id_2423258,TRUE
company_gleif_id_20290,company_ocdata_id_2795646,TRUE
company_gleif_id_80113,company_ocdata_id_939448,TRUE
company_gleif_id_8117,company_ocdata_id_3418345,TRUE
company_gleif_id_110850,company_ocdata_id_882667,TRUE
company_gleif_id_85587,company_ocdata_id_1346749,TRUE
company_gleif_id_83785,company_ocdata_id_1618515,TRUE
company_gleif_id_54136,company_ocdata_id_3089816,TRUE
company_gleif_id_99334,company_ocdata_id_3199470,TRUE
company_gleif_id_67597,company_ocdata_id_1591828,TRUE
company_gleif_id_125124,company_ocdata_id_2548581,TRUE
company_gleif_id_62036,company_ocdata_id_2554627,TRUE
company_gleif_id_146396,company_ocdata_id_4804136,TRUE
company_gleif_id_93865,company_ocdata_id_3528313,TRUE
company_gleif_id_36246,company_ocdata_id_4810477,TRUE
company_gleif_id_113628,company_ocdata_id_2912841,TRUE
company_gleif_id_61826,company_ocdata_id_631552,TRUE
company_gleif_id_101443,company_ocdata_id_1795677,TRUE
company_gleif_id_27757,company_ocdata_id_1830357,TRUE
company_gleif_id_24480,company_ocdata_id_2955795,TRUE
company_gleif_id_136010,company_ocdata_id_3041588,TRUE
company_gleif_id_62604,company_ocdata_id_1613662,TRUE
company_gleif_id_39303,company_ocdata_id_2172450,TRUE
company_gleif_id_12671,company_ocdata_id_236922,TRUE
company_gleif_id_35263,company_ocdata_id_51965,TRUE
company_gleif_id_45450,company_ocdata_id_1443363,TRUE
company_gleif_id_33365,company_ocdata_id_407641,TRUE
company_gleif_id_6151,company_ocdata_id_3544342,TRUE
company_gleif_id_25007,company_ocdata_id_2435648,TRUE
company_gleif_id_73696,company_ocdata_id_225236,TRUE
company_gleif_id_70137,company_ocdata_id_3308333,TRUE
company_gleif_id_37923,company_ocdata_id_300978,TRUE
company_gleif_id_30619,company_ocdata_id_477941,TRUE
company_gleif_id_13101,company_ocdata_id_1324603,TRUE
company_gleif_id_50559,company_ocdata_id_1361855,TRUE
company_gleif_id_22890,company_ocdata_id_3700949,TRUE
company_gleif_id_39780,company_ocdata_id_557338,TRUE
company_gleif_id_8784,company_ocdata_id_4179713,TRUE
company_gleif_id_131556,company_ocdata_id_4312132,TRUE
company_gleif_id_94098,company_ocdata_id_669401,TRUE
company_gleif_id_5262,company_ocdata_id_690095,TRUE
company_gleif_id_121520,company_ocdata_id_1305291,TRUE
company_gleif_id_18844,company_ocdata_id_884522,TRUE
company_gleif_id_57834,company_ocdata_id_4263542,TRUE
company_gleif_id_49322,company_ocdata_id_3494960,TRUE
company_gleif_id_96905,company_ocdata_id_603692,TRUE
company_gleif_id_22818,company_ocdata_id_3912349,TRUE
company_gleif_id_71396,company_ocdata_id_2907222,TRUE
company_gleif_id_116769,company_ocdata_id_1622417,TRUE
company_gleif_id_131988,company_ocdata_id_4247941,TRUE
company_gleif_id_37724,company_ocdata_id_2403251,TRUE
company_gleif_id_7036,company_ocdata_id_899310,TRUE
company_gleif_id_54600,company_ocdata_id_939057,TRUE
company_gleif_id_41356,company_ocdata_id_3978291,TRUE
company_gleif_id_15656,company_ocdata_id_569168,TRUE
company_gleif_id_80447,company_ocdata_id_14359,TRUE
company_gleif_id_15939,company_ocdata_id_2840516,TRUE
company_gleif_id_18949,company_ocdata_id_1498986,TRUE
company_gleif_id_93346,company_ocdata_id_663583,TRUE
company_gleif_id_78335,company_ocdata_id_3872151,TRUE
company_gleif_id_53817,company_ocdata_id_3133142,TRUE
company_gleif_id_85737,company_ocdata_id_2228462,TRUE
company_gleif_id_68325,company_ocdata_id_2593017,TRUE
company_gleif_id_64371,company_ocdata_id_2443623,TRUE
company_gleif_id_0,company_ocdata_id_1942242,FALSE
company_gleif_id_1,company_ocdata_id_1685896,FALSE
company_gleif_id_2,company_ocdata_id_3763574,FALSE
company_gleif_id_3,company_ocdata_id_826532,FALSE
company_gleif_id_4,company_ocdata_id_4214245,FALSE
company_gleif_id_5,company_ocdata_id_206260,FALSE
company_gleif_id_6,company_ocdata_id_4238072,FALSE
company_gleif_id_7,company_ocdata_id_4617731,FALSE
company_gleif_id_8,company_ocdata_id_772703,FALSE
company_gleif_id_9,company_ocdata_id_1654445,FALSE
company_gleif_id_10,company_ocdata_id_197634,FALSE
company_gleif_id_11,company_ocdata_id_170447,FALSE
company_gleif_id_12,company_ocdata_id_4585385,FALSE
company_gleif_id_13,company_ocdata_id_1487501,FALSE
company_gleif_id_14,company_ocdata_id_3825246,FALSE
company_gleif_id_15,company_ocdata_id_3549652,FALSE
company_gleif_id_16,company_ocdata_id_2119944,FALSE
company_gleif_id_17,company_ocdata_id_2484369,FALSE
company_gleif_id_18,company_ocdata_id_3613508,FALSE
company_gleif_id_19,company_ocdata_id_4454362,FALSE
company_gleif_id_20,company_ocdata_id_2026187,FALSE
company_gleif_id_21,company_ocdata_id_4559002,FALSE
company_gleif_id_22,company_ocdata_id_1765563,FALSE
company_gleif_id_23,company_ocdata_id_714970,FALSE
company_gleif_id_24,company_ocdata_id_3971566,FALSE
company_gleif_id_25,company_ocdata_id_1813580,FALSE
company_gleif_id_26,company_ocdata_id_1100844,FALSE
company_gleif_id_27,company_ocdata_id_1206959,FALSE
company_gleif_id_28,company_ocdata_id_2035211,FALSE
company_gleif_id_29,company_ocdata_id_4608223,FALSE
company_gleif_id_30,company_ocdata_id_3960121,FALSE
company_gleif_id_31,company_ocdata_id_4145937,FALSE
company_gleif_id_32,company_ocdata_id_781625,FALSE
company_gleif_id_33,company_ocdata_id_2694435,FALSE
company_gleif_id_34,company_ocdata_id_3473970,FALSE
company_gleif_id_35,company_ocdata_id_4245157,FALSE
company_gleif_id_36,company_ocdata_id_1193876,FALSE
company_gleif_id_37,company_ocdata_id_1598979,FALSE
company_gleif_id_38,company_ocdata_id_2089368,FALSE
company_gleif_id_39,company_ocdata_id_2032674,FALSE
company_gleif_id_40,company_ocdata_id_2346819,FALSE
company_gleif_id_41,company_ocdata_id_2205854,FALSE
company_gleif_id_42,company_ocdata_id_3557138,FALSE
company_gleif_id_43,company_ocdata_id_3549406,FALSE
company_gleif_id_44,company_ocdata_id_1699295,FALSE
company_gleif_id_45,company_ocdata_id_4375458,FALSE
company_gleif_id_46,company_ocdata_id_3627271,FALSE
company_gleif_id_47,company_ocdata_id_1585022,FALSE
company_gleif_id_48,company_ocdata_id_4330414,FALSE
company_gleif_id_49,company_ocdata_id_2251259,FALSE
company_gleif_id_50,company_ocdata_id_1485957,FALSE
company_gleif_id_51,company_ocdata_id_196754,FALSE
company_gleif_id_52,company_ocdata_id_34817,FALSE
company_gleif_id_53,company_ocdata_id_258744,FALSE
company_gleif_id_54,company_ocdata_id_2676708,FALSE
company_gleif_id_55,company_ocdata_id_3578756,FALSE
company_gleif_id_56,company_ocdata_id_1491858,FALSE
company_gleif_id_57,company_ocdata_id_4696307,FALSE
company_gleif_id_58,company_ocdata_id_2006795,FALSE
company_gleif_id_59,company_ocdata_id_3401359,FALSE
company_gleif_id_60,company_ocdata_id_4170181,FALSE
company_gleif_id_61,company_ocdata_id_2952262,FALSE
company_gleif_id_62,company_ocdata_id_1182615,FALSE
company_gleif_id_63,company_ocdata_id_1318495,FALSE
company_gleif_id_64,company_ocdata_id_662332,FALSE
company_gleif_id_65,company_ocdata_id_202904,FALSE
company_gleif_id_66,company_ocdata_id_4233720,FALSE
company_gleif_id_67,company_ocdata_id_1544461,FALSE
company_gleif_id_68,company_ocdata_id_3730610,FALSE
company_gleif_id_69,company_ocdata_id_2069464,FALSE
company_gleif_id_70,company_ocdata_id_792180,FALSE
company_gleif_id_71,company_ocdata_id_916641,FALSE
company_gleif_id_72,company_ocdata_id_2119294,FALSE
company_gleif_id_73,company_ocdata_id_3746676,FALSE
company_gleif_id_74,company_ocdata_id_2206985,FALSE
company_gleif_id_75,company_ocdata_id_1257245,FALSE
company_gleif_id_76,company_ocdata_id_3154518,FALSE
company_gleif_id_77,company_ocdata_id_475139,FALSE
company_gleif_id_78,company_ocdata_id_2769744,FALSE
company_gleif_id_79,company_ocdata_id_2627670,FALSE
company_gleif_id_80,company_ocdata_id_4446158,FALSE
company_gleif_id_81,company_ocdata_id_3833919,FALSE
company_gleif_id_82,company_ocdata_id_2160595,FALSE
company_gleif_id_83,company_ocdata_id_3255972,FALSE
company_gleif_id_84,company_ocdata_id_3214462,FALSE
company_gleif_id_85,company_ocdata_id_1426662,FALSE
company_gleif_id_86,company_ocdata_id_3703042,FALSE
company_gleif_id_87,company_ocdata_id_2551999,FALSE
company_gleif_id_88,company_ocdata_id_1978561,FALSE
company_gleif_id_89,company_ocdata_id_3772880,FALSE
company_gleif_id_90,company_ocdata_id_1632342,FALSE
company_gleif_id_91,company_ocdata_id_1524303,FALSE
company_gleif_id_92,company_ocdata_id_4579044,FALSE
company_gleif_id_93,company_ocdata_id_623829,FALSE
company_gleif_id_94,company_ocdata_id_3470161,FALSE
company_gleif_id_95,company_ocdata_id_1178878,FALSE
company_gleif_id_96,company_ocdata_id_854911,FALSE
company_gleif_id_97,company_ocdata_id_2279878,FALSE
company_gleif_id_98,company_ocdata_id_731879,FALSE
company_gleif_id_99,company_ocdata_id_68059,FALSE
company_gleif_id_100,company_ocdata_id_3946341,FALSE
company_gleif_id_101,company_ocdata_id_2812790,FALSE
company_gleif_id_102,company_ocdata_id_1628957,FALSE
company_gleif_id_103,company_ocdata_id_1157785,FALSE
company_gleif_id_104,company_ocdata_id_1840368,FALSE
company_gleif_id_105,company_ocdata_id_2072125,FALSE
company_gleif_id_106,company_ocdata_id_317202,FALSE
company_gleif_id_107,company_ocdata_id_4267041,FALSE
company_gleif_id_108,company_ocdata_id_4415937,FALSE
company_gleif_id_109,company_ocdata_id_3397601,FALSE
company_gleif_id_110,company_ocdata_id_3546307,FALSE
company_gleif_id_111,company_ocdata_id_3919460,FALSE
company_gleif_id_112,company_ocdata_id_1065752,FALSE
company_gleif_id_113,company_ocdata_id_2511379,FALSE
company_gleif_id_114,company_ocdata_id_299464,FALSE
company_gleif_id_115,company_ocdata_id_3031591,FALSE
company_gleif_id_116,company_ocdata_id_2506654,FALSE
company_gleif_id_117,company_ocdata_id_39278,FALSE
company_gleif_id_118,company_ocdata_id_3743239,FALSE
company_gleif_id_119,company_ocdata_id_630212,FALSE
company_gleif_id_120,company_ocdata_id_2230786,FALSE
company_gleif_id_121,company_ocdata_id_1931944,FALSE
company_gleif_id_122,company_ocdata_id_3579057,FALSE
company_gleif_id_123,company_ocdata_id_3479,FALSE
company_gleif_id_124,company_ocdata_id_2776421,FALSE
company_gleif_id_125,company_ocdata_id_1806118,FALSE
company_gleif_id_126,company_ocdata_id_3881156,FALSE
company_gleif_id_127,company_ocdata_id_1926516,FALSE
company_gleif_id_128,company_ocdata_id_3947624,FALSE
company_gleif_id_129,company_ocdata_id_3027871,FALSE
company_gleif_id_130,company_ocdata_id_1476116,FALSE
company_gleif_id_131,company_ocdata_id_1944714,FALSE
company_gleif_id_132,company_ocdata_id_4051748,FALSE
company_gleif_id_133,company_ocdata_id_1513032,FALSE
company_gleif_id_134,company_ocdata_id_1365302,FALSE
company_gleif_id_135,company_ocdata_id_1711297,FALSE
company_gleif_id_136,company_ocdata_id_4784893,FALSE
company_gleif_id_137,company_ocdata_id_760111,FALSE
company_gleif_id_138,company_ocdata_id_778305,FALSE
company_gleif_id_139,company_ocdata_id_3506237,FALSE
company_gleif_id_140,company_ocdata_id_3848562,FALSE
company_gleif_id_141,company_ocdata_id_801022,FALSE
company_gleif_id_142,company_ocdata_id_1014371,FALSE
company_gleif_id_143,company_ocdata_id_2936408,FALSE
company_gleif_id_144,company_ocdata_id_2678179,FALSE
company_gleif_id_145,company_ocdata_id_2638462,FALSE
company_gleif_id_146,company_ocdata_id_786943,FALSE
company_gleif_id_147,company_ocdata_id_2312746,FALSE
company_gleif_id_148,company_ocdata_id_2357100,FALSE
company_gleif_id_149,company_ocdata_id_509165,FALSE
company_gleif_id_150,company_ocdata_id_4662091,FALSE
company_gleif_id_151,company_ocdata_id_1398565,FALSE
company_gleif_id_152,company_ocdata_id_3484128,FALSE
company_gleif_id_153,company_ocdata_id_3574901,FALSE
company_gleif_id_154,company_ocdata_id_3889115,FALSE
company_gleif_id_155,company_ocdata_id_4626277,FALSE
company_gleif_id_156,company_ocdata_id_4802421,FALSE
company_gleif_id_157,company_ocdata_id_4651619,FALSE
company_gleif_id_158,company_ocdata_id_1068983,FALSE
company_gleif_id_159,company_ocdata_id_2687271,FALSE
company_gleif_id_160,company_ocdata_id_1845606,FALSE
company_gleif_id_161,company_ocdata_id_2638072,FALSE
company_gleif_id_162,company_ocdata_id_3678465,FALSE
company_gleif_id_163,company_ocdata_id_966209,FALSE
company_gleif_id_164,company_ocdata_id_4784766,FALSE
company_gleif_id_165,company_ocdata_id_1599683,FALSE
company_gleif_id_166,company_ocdata_id_333555,FALSE
company_gleif_id_167,company_ocdata_id_320932,FALSE
company_gleif_id_168,company_ocdata_id_2784297,FALSE
company_gleif_id_169,company_ocdata_id_2614832,FALSE
company_gleif_id_170,company_ocdata_id_758745,FALSE
company_gleif_id_171,company_ocdata_id_2270737,FALSE
company_gleif_id_172,company_ocdata_id_161248,FALSE
company_gleif_id_173,company_ocdata_id_2516309,FALSE
company_gleif_id_174,company_ocdata_id_1198837,FALSE
company_gleif_id_175,company_ocdata_id_1909996,FALSE
company_gleif_id_176,company_ocdata_id_938159,FALSE
company_gleif_id_177,company_ocdata_id_790285,FALSE
company_gleif_id_178,company_ocdata_id_3526370,FALSE
company_gleif_id_179,company_ocdata_id_1639907,FALSE
company_gleif_id_180,company_ocdata_id_3876567,FALSE
company_gleif_id_181,company_ocdata_id_3095320,FALSE
company_gleif_id_182,company_ocdata_id_2295585,FALSE
company_gleif_id_183,company_ocdata_id_4588057,FALSE
company_gleif_id_184,company_ocdata_id_2337569,FALSE
company_gleif_id_185,company_ocdata_id_66330,FALSE
company_gleif_id_186,company_ocdata_id_1107424,FALSE
company_gleif_id_187,company_ocdata_id_2032797,FALSE
company_gleif_id_188,company_ocdata_id_2059166,FALSE
company_gleif_id_189,company_ocdata_id_3388366,FALSE
company_gleif_id_190,company_ocdata_id_2944727,FALSE
company_gleif_id_191,company_ocdata_id_468164,FALSE
company_gleif_id_192,company_ocdata_id_3389344,FALSE
company_gleif_id_193,company_ocdata_id_120838,FALSE
company_gleif_id_194,company_ocdata_id_3258216,FALSE
company_gleif_id_195,company_ocdata_id_251193,FALSE
company_gleif_id_196,company_ocdata_id_2550709,FALSE
company_gleif_id_197,company_ocdata_id_1166856,FALSE
company_gleif_id_198,company_ocdata_id_4485493,FALSE
company_gleif_id_199,company_ocdata_id_4361648,FALSE
company_gleif_id_200,company_ocdata_id_3520797,FALSE
company_gleif_id_201,company_ocdata_id_4720805,FALSE
company_gleif_id_202,company_ocdata_id_2828144,FALSE
company_gleif_id_203,company_ocdata_id_2221288,FALSE
company_gleif_id_204,company_ocdata_id_485490,FALSE
company_gleif_id_205,company_ocdata_id_4365161,FALSE
company_gleif_id_206,company_ocdata_id_1626134,FALSE
company_gleif_id_207,company_ocdata_id_1073759,FALSE
company_gleif_id_208,company_ocdata_id_197834,FALSE
company_gleif_id_209,company_ocdata_id_3585083,FALSE
company_gleif_id_210,company_ocdata_id_1875015,FALSE
company_gleif_id_211,company_ocdata_id_3112080,FALSE
company_gleif_id_212,company_ocdata_id_3427437,FALSE
company_gleif_id_213,company_ocdata_id_4522165,FALSE
company_gleif_id_214,company_ocdata_id_2454680,FALSE
company_gleif_id_215,company_ocdata_id_2247882,FALSE
company_gleif_id_216,company_ocdata_id_2847586,FALSE
company_gleif_id_217,company_ocdata_id_1249107,FALSE
company_gleif_id_218,company_ocdata_id_3647426,FALSE
company_gleif_id_219,company_ocdata_id_1911460,FALSE
company_gleif_id_220,company_ocdata_id_322849,FALSE
company_gleif_id_221,company_ocdata_id_2322462,FALSE
company_gleif_id_222,company_ocdata_id_3132856,FALSE
company_gleif_id_223,company_ocdata_id_2834960,FALSE
company_gleif_id_224,company_ocdata_id_617518,FALSE
company_gleif_id_225,company_ocdata_id_1259677,FALSE
company_gleif_id_226,company_ocdata_id_3773165,FALSE
company_gleif_id_227,company_ocdata_id_2421006,FALSE
company_gleif_id_228,company_ocdata_id_4066181,FALSE
company_gleif_id_229,company_ocdata_id_3329412,FALSE
company_gleif_id_230,company_ocdata_id_2511097,FALSE
company_gleif_id_231,company_ocdata_id_2771890,FALSE
company_gleif_id_232,company_ocdata_id_2346484,FALSE
company_gleif_id_233,company_ocdata_id_2766976,FALSE
company_gleif_id_234,company_ocdata_id_1881330,FALSE
company_gleif_id_235,company_ocdata_id_1509937,FALSE
company_gleif_id_236,company_ocdata_id_2761294,FALSE
company_gleif_id_237,company_ocdata_id_3705214,FALSE
company_gleif_id_238,company_ocdata_id_212750,FALSE
company_gleif_id_239,company_ocdata_id_311841,FALSE
company_gleif_id_240,company_ocdata_id_2215207,FALSE
company_gleif_id_241,company_ocdata_id_2567036,FALSE
company_gleif_id_242,company_ocdata_id_378152,FALSE
company_gleif_id_243,company_ocdata_id_593649,FALSE
company_gleif_id_244,company_ocdata_id_1420267,FALSE
company_gleif_id_245,company_ocdata_id_302849,FALSE
company_gleif_id_246,company_ocdata_id_1392148,FALSE
company_gleif_id_247,company_ocdata_id_4596312,FALSE
company_gleif_id_248,company_ocdata_id_3973152,FALSE
company_gleif_id_249,company_ocdata_id_327344,FALSE
company_gleif_id_250,company_ocdata_id_4282069,FALSE
company_gleif_id_251,company_ocdata_id_4018202,FALSE
company_gleif_id_252,company_ocdata_id_3955759,FALSE
company_gleif_id_253,company_ocdata_id_811185,FALSE
company_gleif_id_254,company_ocdata_id_914285,FALSE
company_gleif_id_255,company_ocdata_id_693238,FALSE
company_gleif_id_256,company_ocdata_id_123045,FALSE
company_gleif_id_257,company_ocdata_id_1444368,FALSE
company_gleif_id_258,company_ocdata_id_3475125,FALSE
company_gleif_id_259,company_ocdata_id_2623401,FALSE
company_gleif_id_94533,company_ocdata_id_4824424,FALSE
company_gleif_id_119276,company_ocdata_id_670519,TRUE
company_gleif_id_104605,company_ocdata_id_3728400,FALSE
company_gleif_id_1152,company_ocdata_id_1318834,FALSE
company_gleif_id_88500,company_ocdata_id_1777694,TRUE
company_gleif_id_133448,company_ocdata_id_691617,TRUE
company_gleif_id_1528,company_ocdata_id_3993262,TRUE
company_gleif_id_136845,company_ocdata_id_2073097,FALSE
company_gleif_id_86646,company_ocdata_id_959304,TRUE
company_gleif_id_130515,company_ocdata_id_1927674,TRUE
company_gleif_id_11565,company_ocdata_id_3300037,TRUE
company_gleif_id_139390,company_ocdata_id_5142343,TRUE
company_gleif_id_127469,company_ocdata_id_4660919,FALSE
company_gleif_id_11152,company_ocdata_id_2563371,FALSE
company_gleif_id_47923,company_ocdata_id_4519602,TRUE
company_gleif_id_44978,company_ocdata_id_2709603,TRUE
company_gleif_id_133953,company_ocdata_id_6575,FALSE
company_gleif_id_53211,company_ocdata_id_174696,TRUE
company_gleif_id_122059,company_ocdata_id_4239526,FALSE
company_gleif_id_63212,company_ocdata_id_5155624,FALSE
company_gleif_id_126291,company_ocdata_id_973986,TRUE
company_gleif_id_118611,company_ocdata_id_4524167,TRUE
company_gleif_id_39765,company_ocdata_id_448294,FALSE
company_gleif_id_38290,company_ocdata_id_116734,TRUE
company_gleif_id_140800,company_ocdata_id_3511224,TRUE
company_gleif_id_129671,company_ocdata_id_1023409,TRUE
company_gleif_id_110494,company_ocdata_id_2188257,TRUE
company_gleif_id_99701,company_ocdata_id_1187166,FALSE
company_gleif_id_108532,company_ocdata_id_3047923,FALSE
company_gleif_id_119364,company_ocdata_id_3066310,TRUE
company_gleif_id_33925,company_ocdata_id_4550127,TRUE
company_gleif_id_46172,company_ocdata_id_4165499,FALSE
company_gleif_id_96370,company_ocdata_id_4148540,TRUE
company_gleif_id_33543,company_ocdata_id_728762,FALSE
company_gleif_id_62661,company_ocdata_id_1018042,TRUE
company_gleif_id_26690,company_ocdata_id_3412374,FALSE
company_gleif_id_136269,company_ocdata_id_4260393,TRUE
company_gleif_id_56305,company_ocdata_id_2195598,FALSE
company_gleif_id_17439,company_ocdata_id_1759062,TRUE
company_gleif_id_132489,company_ocdata_id_3947419,FALSE
company_gleif_id_148498,company_ocdata_id_839039,TRUE
company_gleif_id_61565,company_ocdata_id_671513,FALSE
company_gleif_id_107317,company_ocdata_id_2933313,TRUE
company_gleif_id_64415,company_ocdata_id_4433764,TRUE
company_gleif_id_80847,company_ocdata_id_3580497,TRUE
company_gleif_id_41541,company_ocdata_id_1181056,FALSE
company_gleif_id_131185,company_ocdata_id_4857512,FALSE
company_gleif_id_23733,company_ocdata_id_3523295,FALSE
company_gleif_id_128724,company_ocdata_id_4734771,TRUE
company_gleif_id_2203,company_ocdata_id_3196863,TRUE
company_gleif_id_61818,company_ocdata_id_628472,TRUE
company_gleif_id_74548,company_ocdata_id_3777831,FALSE
company_gleif_id_76468,company_ocdata_id_1653862,FALSE
company_gleif_id_140422,company_ocdata_id_5240400,TRUE
company_gleif_id_60435,company_ocdata_id_5066395,TRUE
company_gleif_id_109421,company_ocdata_id_448547,TRUE
company_gleif_id_113253,company_ocdata_id_4876376,FALSE
company_gleif_id_125055,company_ocdata_id_5252916,TRUE
company_gleif_id_120056,company_ocdata_id_3674254,FALSE
company_gleif_id_123443,company_ocdata_id_1177823,TRUE
company_gleif_id_50740,company_ocdata_id_4283997,TRUE
company_gleif_id_118267,company_ocdata_id_5276648,TRUE
company_gleif_id_64172,company_ocdata_id_3198885,FALSE
company_gleif_id_138281,company_ocdata_id_4481346,FALSE
company_gleif_id_50411,company_ocdata_id_967874,TRUE
company_gleif_id_1781,company_ocdata_id_3722968,TRUE
company_gleif_id_112181,company_ocdata_id_5248073,FALSE
company_gleif_id_48781,company_ocdata_id_888191,FALSE
company_gleif_id_81004,company_ocdata_id_412582,FALSE
company_gleif_id_81242,company_ocdata_id_2453317,TRUE
company_gleif_id_131445,company_ocdata_id_997950,FALSE
company_gleif_id_66024,company_ocdata_id_379452,TRUE
company_gleif_id_127628,company_ocdata_id_4248351,TRUE
company_gleif_id_126527,company_ocdata_id_1489177,TRUE
company_gleif_id_97615,company_ocdata_id_4256807,TRUE
company_gleif_id_11950,company_ocdata_id_3702102,FALSE
company_gleif_id_138015,company_ocdata_id_3743492,TRUE
company_gleif_id_47442,company_ocdata_id_4333078,FALSE
company_gleif_id_22940,company_ocdata_id_895990,FALSE
company_gleif_id_24269,company_ocdata_id_887677,FALSE
company_gleif_id_148012,company_ocdata_id_2595695,FALSE
company_gleif_id_87387,company_ocdata_id_4551138,FALSE
company_gleif_id_48880,company_ocdata_id_2507130,FALSE
company_gleif_id_39407,company_ocdata_id_3976384,FALSE
company_gleif_id_6193,company_ocdata_id_528559,FALSE
company_gleif_id_29023,company_ocdata_id_3535538,TRUE
company_gleif_id_50431,company_ocdata_id_4034843,FALSE
company_gleif_id_17154,company_ocdata_id_2718289,FALSE
company_gleif_id_7786,company_ocdata_id_4281387,FALSE
company_gleif_id_115404,company_ocdata_id_996489,TRUE
